<?xml version="1.0" encoding="UTF-8" standalone="yes"?>
<assessmentItem xmlns="http://www.imsglobal.org/xsd/imsqti_v2p0" adaptive="false" identifier="id" timeDependent="false" title="iupo">
    <responseDeclaration cardinality="single" identifier="RESPONSE">
        <correctResponse>
            <value>C</value>
        </correctResponse>
        <mapping defaultValue="0.0">
            <mapEntry mapKey="TBD" mappedValue="1.0"/>
        </mapping>
    </responseDeclaration>
    <itemBody class1="" id="mc">
        <p class1="" id="11" label="Times New Roman">
            <span class1="" id="14">Subtract </span>
            <img alt="Look at text image." class1="" height="36" src="/temp-images/testitems/90694/itemimages/IN_SF_EN_MA_G3_2004_90_29_1.png" width="11"/>
            <span class1="" id="14"> from </span>
            <img alt="Look at text image." class1="" height="36" src="/temp-images/testitems/90694/itemimages/IN_SF_EN_MA_G3_2004_90_29_2.png" width="11"/>
            <span class1="" id="14">. What is the difference?
</span>
            <img alt="Look at text image." class1="" height="96" src="/temp-images/testitems/90694/itemimages/IN_SF_EN_MA_G3_2004_90_29_6.png" width="288"/>
        </p>
        <choiceInteraction class1="" maxChoices="1" responseIdentifier="RESPONSE" shuffle="false">
            <simpleChoice class1="" identifier="ChoiceA">
                <p class1="" id="11" label="Times New Roman">
                    <img alt="Look at text image." class1="" height="36" src="/temp-images/testitems/90694/itemimages/IN_SF_EN_MA_G3_2004_90_29_7.png" width="18"/>
                </p>
            </simpleChoice>
            <simpleChoice class1="" identifier="ChoiceB">
                <p class1="" id="11" label="Times New Roman">
                    <img alt="Look at text image." class1="" height="36" src="/temp-images/testitems/90694/itemimages/IN_SF_EN_MA_G3_2004_90_29_8.png" width="18"/>
                </p>
            </simpleChoice>
            <simpleChoice class1="" identifier="ChoiceC">
                <p class1="" id="11" label="Times New Roman">
                    <img alt="Look at text image." class1="" height="36" src="/temp-images/testitems/90694/itemimages/IN_SF_EN_MA_G3_2004_90_29_9.png" width="11"/>
                </p>
            </simpleChoice>
            <simpleChoice class1="" identifier="ChoiceD">
                <p class1="" id="11" label="Times New Roman">
                    <span class1="" id="14">4</span>
                </p>
            </simpleChoice>
        </choiceInteraction>
    </itemBody>
</assessmentItem>
