<?xml version="1.0" encoding="UTF-8" standalone="yes"?>
<assessmentItem xmlns="http://www.imsglobal.org/xsd/imsqti_v2p0" adaptive="false" identifier="id" timeDependent="false" title="iupo">
    <responseDeclaration cardinality="single" identifier="RESPONSE">
        <correctResponse>
            <value>C</value>
        </correctResponse>
        <mapping defaultValue="0.0">
            <mapEntry mapKey="TBD" mappedValue="1.0"/>
        </mapping>
    </responseDeclaration>
    <itemBody class1="" id="mc">
        <p class1="" id="11" label="Times New Roman">
            <span class1="" id="14">Which group of numbers is listed from least to greatest?</span>
        </p>
        <choiceInteraction class1="" maxChoices="1" responseIdentifier="RESPONSE" shuffle="false">
            <simpleChoice class1="" identifier="ChoiceA">
                <p class1="" id="11" label="Times New Roman">
                    <span class1="" id="14">5,649</span>
                    <img alt="Look at text image." class1="" height="14" src="/temp-images/testitems/90694/itemimages/IN_SF_EN_MA_G3_2004_90_2_1.png" width="26"/>
                    <span class1="" id="14">5,496</span>
                    <img alt="Look at text image." class1="" height="14" src="/temp-images/testitems/90694/itemimages/IN_SF_EN_MA_G3_2004_90_2_2.png" width="26"/>
                    <span class1="" id="14">6,549</span>
                </p>
            </simpleChoice>
            <simpleChoice class1="" identifier="ChoiceB">
                <p class1="" id="11" label="Times New Roman">
                    <span class1="" id="14">6,549</span>
                    <img alt="Look at text image." class1="" height="14" src="/temp-images/testitems/90694/itemimages/IN_SF_EN_MA_G3_2004_90_2_3.png" width="26"/>
                    <span class1="" id="14">5,649</span>
                    <img alt="Look at text image." class1="" height="14" src="/temp-images/testitems/90694/itemimages/IN_SF_EN_MA_G3_2004_90_2_4.png" width="26"/>
                    <span class1="" id="14">5,496</span>
                </p>
            </simpleChoice>
            <simpleChoice class1="" identifier="ChoiceC">
                <p class1="" id="11" label="Times New Roman">
                    <span class1="" id="14">5,496</span>
                    <img alt="Look at text image." class1="" height="14" src="/temp-images/testitems/90694/itemimages/IN_SF_EN_MA_G3_2004_90_2_5.png" width="26"/>
                    <span class1="" id="14">5,649</span>
                    <img alt="Look at text image." class1="" height="14" src="/temp-images/testitems/90694/itemimages/IN_SF_EN_MA_G3_2004_90_2_6.png" width="26"/>
                    <span class1="" id="14">6,549</span>
                </p>
            </simpleChoice>
            <simpleChoice class1="" identifier="ChoiceD">
                <p class1="" id="11" label="Times New Roman">
                    <span class1="" id="14">5,496</span>
                    <img alt="Look at text image." class1="" height="14" src="/temp-images/testitems/90694/itemimages/IN_SF_EN_MA_G3_2004_90_2_7.png" width="26"/>
                    <span class1="" id="14">6,549</span>
                    <img alt="Look at text image." class1="" height="14" src="/temp-images/testitems/90694/itemimages/IN_SF_EN_MA_G3_2004_90_2_8.png" width="26"/>
                    <span class1="" id="14">5,649</span>
                </p>
            </simpleChoice>
        </choiceInteraction>
    </itemBody>
</assessmentItem>
