<?xml version="1.0" encoding="UTF-8" standalone="yes"?>
<assessmentItem xmlns="http://www.imsglobal.org/xsd/imsqti_v2p0" adaptive="false" identifier="id" timeDependent="false" title="iupo">
    <responseDeclaration cardinality="single" identifier="RESPONSE">
        <correctResponse>
            <value>C</value>
        </correctResponse>
        <mapping defaultValue="0.0">
            <mapEntry mapKey="TBD" mappedValue="1.0"/>
        </mapping>
    </responseDeclaration>
    <itemBody class1="" id="mc">
        <p class1="" id="11" label="Times New Roman">
            <table class1="" id="1">
                <tbody class1="">
                    <tr class1="">
                        <td class1="" headers="">MUSICAL INSTRUMENTS</td>
                    </tr>
                    <tr class1="">
                        <td class1="" headers="">Instrument</td>
                        <td class1="" headers="">Number of Students Who Play</td>
                    </tr>
                    <tr class1="">
                        <td class1="" headers="">Guitar</td>
                        <td class1="" headers="">25</td>
                    </tr>
                    <tr class1="">
                        <td class1="" headers="">Piano</td>
                        <td class1="" headers="">33</td>
                    </tr>
                    <tr class1="">
                        <td class1="" headers="">Violin</td>
                        <td class1="" headers="">8</td>
                    </tr>
                    <tr class1="">
                        <td class1="" headers="">Trumpet</td>
                        <td class1="" headers="">19</td>
                    </tr>
                    <tr class1="">
                        <td class1="" headers="">Flute</td>
                        <td class1="" headers="">11</td>
                    </tr>
                </tbody>
            </table>
            <span class1="" id="14">
Use mental math to solve. The table above shows the number of students who are learning to play each of the instruments listed. How many students are learning to play the flute and the piano?</span>
        </p>
        <choiceInteraction class1="" maxChoices="1" responseIdentifier="RESPONSE" shuffle="false">
            <simpleChoice class1="" identifier="ChoiceA">
                <p class1="" id="11" label="Times New Roman">
                    <span class1="" id="14">19</span>
                </p>
            </simpleChoice>
            <simpleChoice class1="" identifier="ChoiceB">
                <p class1="" id="11" label="Times New Roman">
                    <span class1="" id="14">34</span>
                </p>
            </simpleChoice>
            <simpleChoice class1="" identifier="ChoiceC">
                <p class1="" id="11" label="Times New Roman">
                    <span class1="" id="14">44</span>
                </p>
            </simpleChoice>
            <simpleChoice class1="" identifier="ChoiceD">
                <p class1="" id="11" label="Times New Roman">
                    <span class1="" id="14">58</span>
                </p>
            </simpleChoice>
        </choiceInteraction>
    </itemBody>
</assessmentItem>
