<?xml version="1.0" encoding="UTF-8" standalone="yes"?>
<assessmentItem xmlns="http://www.imsglobal.org/xsd/imsqti_v2p0" adaptive="false" identifier="id" timeDependent="false" title="iupo">
    <responseDeclaration cardinality="single" identifier="RESPONSE">
        <correctResponse>
            <value>A</value>
        </correctResponse>
        <mapping defaultValue="0.0">
            <mapEntry mapKey="TBD" mappedValue="1.0"/>
        </mapping>
    </responseDeclaration>
    <itemBody class1="" id="mc">
        <p class1="" id="11" label="Times New Roman">
            <span class1="" id="14">Greg put his baseball cards in 8 groups of 2 cards each. How many cards does Greg have?
</span>
            <img alt="Look at text image." class1="" height="64" src="/temp-images/testitems/90694/itemimages/IN_SF_EN_MA_G3_2004_90_14_1.png" width="82"/>
            <img alt="Look at text image." class1="" height="64" src="/temp-images/testitems/90694/itemimages/IN_SF_EN_MA_G3_2004_90_14_2.png" width="82"/>
            <img alt="Look at text image." class1="" height="64" src="/temp-images/testitems/90694/itemimages/IN_SF_EN_MA_G3_2004_90_14_3.png" width="82"/>
            <img alt="Look at text image." class1="" height="64" src="/temp-images/testitems/90694/itemimages/IN_SF_EN_MA_G3_2004_90_14_4.png" width="82"/>
            <img alt="Look at text image." class1="" height="64" src="/temp-images/testitems/90694/itemimages/IN_SF_EN_MA_G3_2004_90_14_5.png" width="82"/>
            <img alt="Look at text image." class1="" height="64" src="/temp-images/testitems/90694/itemimages/IN_SF_EN_MA_G3_2004_90_14_6.png" width="82"/>
            <img alt="Look at text image." class1="" height="64" src="/temp-images/testitems/90694/itemimages/IN_SF_EN_MA_G3_2004_90_14_7.png" width="82"/>
            <img alt="Look at text image." class1="" height="64" src="/temp-images/testitems/90694/itemimages/IN_SF_EN_MA_G3_2004_90_14_8.png" width="82"/>
        </p>
        <choiceInteraction class1="" maxChoices="1" responseIdentifier="RESPONSE" shuffle="false">
            <simpleChoice class1="" identifier="ChoiceA">
                <p class1="" id="11" label="Times New Roman">
                    <span class1="" id="14">16</span>
                </p>
            </simpleChoice>
            <simpleChoice class1="" identifier="ChoiceB">
                <p class1="" id="11" label="Times New Roman">
                    <span class1="" id="14">18</span>
                </p>
            </simpleChoice>
            <simpleChoice class1="" identifier="ChoiceC">
                <p class1="" id="11" label="Times New Roman">
                    <span class1="" id="14">20</span>
                </p>
            </simpleChoice>
            <simpleChoice class1="" identifier="ChoiceD">
                <p class1="" id="11" label="Times New Roman">
                    <span class1="" id="14">22</span>
                </p>
            </simpleChoice>
        </choiceInteraction>
    </itemBody>
</assessmentItem>
