<?xml version="1.0" encoding="UTF-8" standalone="yes"?>
<assessmentItem xmlns="http://www.imsglobal.org/xsd/imsqti_v2p0" adaptive="false" identifier="id" timeDependent="false" title="iupo">
    <responseDeclaration cardinality="single" identifier="RESPONSE">
        <correctResponse>
            <value>A</value>
        </correctResponse>
        <mapping defaultValue="0.0">
            <mapEntry mapKey="TBD" mappedValue="1.0"/>
        </mapping>
    </responseDeclaration>
    <itemBody class1="" id="mc">
        <p class1="" id="11" label="Times New Roman">
            <span class1="" id="14">How much taller is Mount Whitney than Guadalupe Peak?
</span>
            <table class1="" id="1">
                <tbody class1="">
                    <tr class1="">
                        <td class1="" headers="">HIGHEST POINTS IN STATES</td>
                    </tr>
                    <tr class1="">
                        <td class1="" headers="">Highest Point</td>
                        <td class1="" headers="">State</td>
                        <td class1="" headers="">Elevation</td>
                    </tr>
                    <tr class1="">
                        <td class1="" headers="">Mount McKinley</td>
                        <td class1="" headers="">Alaska</td>
                        <td class1="" headers="">3.85 miles</td>
                    </tr>
                    <tr class1="">
                        <td class1="" headers="">Humphreys Peak</td>
                        <td class1="" headers="">Arizona</td>
                        <td class1="" headers="">2.39 miles</td>
                    </tr>
                    <tr class1="">
                        <td class1="" headers="">Mount Whitney</td>
                        <td class1="" headers="">California</td>
                        <td class1="" headers="">2.75 miles</td>
                    </tr>
                    <tr class1="">
                        <td class1="" headers="">Mauna Kea</td>
                        <td class1="" headers="">Hawaii</td>
                        <td class1="" headers="">2.61 miles</td>
                    </tr>
                    <tr class1="">
                        <td class1="" headers="">Mount Hood</td>
                        <td class1="" headers="">Oregon</td>
                        <td class1="" headers="">2.13 miles</td>
                    </tr>
                    <tr class1="">
                        <td class1="" headers="">Guadalupe Peak</td>
                        <td class1="" headers="">Texas</td>
                        <td class1="" headers="">1.66 miles</td>
                    </tr>
                    <tr class1="">
                        <td class1="" headers="">Mount Rogers</td>
                        <td class1="" headers="">Virginia</td>
                        <td class1="" headers="">1.09 miles</td>
                    </tr>
                </tbody>
            </table>
        </p>
        <choiceInteraction class1="" maxChoices="1" responseIdentifier="RESPONSE" shuffle="false">
            <simpleChoice class1="" identifier="ChoiceA">
                <p class1="" id="11" label="Times New Roman">
                    <span class1="" id="14">1.09 miles</span>
                </p>
            </simpleChoice>
            <simpleChoice class1="" identifier="ChoiceB">
                <p class1="" id="11" label="Times New Roman">
                    <span class1="" id="14">3.32 miles</span>
                </p>
            </simpleChoice>
            <simpleChoice class1="" identifier="ChoiceC">
                <p class1="" id="11" label="Times New Roman">
                    <span class1="" id="14">4.41 miles</span>
                </p>
            </simpleChoice>
            <simpleChoice class1="" identifier="ChoiceD">
                <p class1="" id="11" label="Times New Roman">
                    <span class1="" id="14">5.50 miles</span>
                </p>
            </simpleChoice>
        </choiceInteraction>
    </itemBody>
</assessmentItem>
