<?xml version="1.0" encoding="UTF-8" standalone="yes"?>
<assessmentItem xmlns="http://www.imsglobal.org/xsd/imsqti_v2p0" adaptive="false" identifier="id" timeDependent="false" title="iupo">
    <responseDeclaration cardinality="single" identifier="RESPONSE">
        <correctResponse>
            <value>B</value>
        </correctResponse>
        <mapping defaultValue="0.0">
            <mapEntry mapKey="TBD" mappedValue="1.0"/>
        </mapping>
    </responseDeclaration>
    <itemBody class1="" id="mc">
        <p class1="" id="11" label="Times New Roman">
            <span class1="" id="14">The Kasner family owns an apple orchard. They filled three baskets with apples. Use mental math to find out how many apples the Kasner family has.
</span>
            <img alt="Look at text image." class1="" height="150" src="/temp-images/testitems/90694/itemimages/IN_SF_EN_MA_G3_2004_90_34_1.png" width="100"/>
            <img alt="Look at text image." class1="" height="150" src="/temp-images/testitems/90694/itemimages/IN_SF_EN_MA_G3_2004_90_34_2.png" width="100"/>
            <img alt="Look at text image." class1="" height="150" src="/temp-images/testitems/90694/itemimages/IN_SF_EN_MA_G3_2004_90_34_3.png" width="100"/>
        </p>
        <choiceInteraction class1="" maxChoices="1" responseIdentifier="RESPONSE" shuffle="false">
            <simpleChoice class1="" identifier="ChoiceA">
                <p class1="" id="11" label="Times New Roman">
                    <span class1="" id="14">9 apples</span>
                </p>
            </simpleChoice>
            <simpleChoice class1="" identifier="ChoiceB">
                <p class1="" id="11" label="Times New Roman">
                    <span class1="" id="14">90 apples</span>
                </p>
            </simpleChoice>
            <simpleChoice class1="" identifier="ChoiceC">
                <p class1="" id="11" label="Times New Roman">
                    <span class1="" id="14">900 apples</span>
                </p>
            </simpleChoice>
            <simpleChoice class1="" identifier="ChoiceD">
                <p class1="" id="11" label="Times New Roman">
                    <span class1="" id="14">3,000 apples</span>
                </p>
            </simpleChoice>
        </choiceInteraction>
    </itemBody>
</assessmentItem>
