<?xml version="1.0" encoding="UTF-8" standalone="yes"?>
<assessmentItem xmlns="http://www.imsglobal.org/xsd/imsqti_v2p0" adaptive="false" identifier="id" timeDependent="false" title="iupo">
    <responseDeclaration cardinality="single" identifier="RESPONSE">
        <correctResponse>
            <value>D</value>
        </correctResponse>
        <mapping defaultValue="0.0">
            <mapEntry mapKey="TBD" mappedValue="1.0"/>
        </mapping>
    </responseDeclaration>
    <itemBody class1="" id="mc">
        <p class1="" id="11" label="Times New Roman">
            <span class1="" id="14">Paul cut out different colored polygons to decorate his kite. Which of the following shapes is pentagon?</span>
        </p>
        <choiceInteraction class1="" maxChoices="1" responseIdentifier="RESPONSE" shuffle="false">
            <simpleChoice class1="" identifier="ChoiceA">
                <p class1="" id="11" label="Times New Roman">
                    <img alt="Look at text image." class1="" height="62" src="/temp-images/testitems/90694/itemimages/IN_SF_EN_MA_G3_2004_90_25_1.png" width="63"/>
                </p>
            </simpleChoice>
            <simpleChoice class1="" identifier="ChoiceB">
                <p class1="" id="11" label="Times New Roman">
                    <img alt="Look at text image." class1="" height="62" src="/temp-images/testitems/90694/itemimages/IN_SF_EN_MA_G3_2004_90_25_2.png" width="84"/>
                </p>
            </simpleChoice>
            <simpleChoice class1="" identifier="ChoiceC">
                <p class1="" id="11" label="Times New Roman">
                    <img alt="Look at text image." class1="" height="65" src="/temp-images/testitems/90694/itemimages/IN_SF_EN_MA_G3_2004_90_25_3.png" width="85"/>
                </p>
            </simpleChoice>
            <simpleChoice class1="" identifier="ChoiceD">
                <p class1="" id="11" label="Times New Roman">
                    <img alt="Look at text image." class1="" height="64" src="/temp-images/testitems/90694/itemimages/IN_SF_EN_MA_G3_2004_90_25_4.png" width="72"/>
                </p>
            </simpleChoice>
        </choiceInteraction>
    </itemBody>
</assessmentItem>
