<?xml version="1.0" encoding="UTF-8" standalone="yes"?>
<assessmentItem xmlns="http://www.imsglobal.org/xsd/imsqti_v2p0" adaptive="false" identifier="id" timeDependent="false" title="iupo">
    <responseDeclaration cardinality="single" identifier="RESPONSE">
        <correctResponse>
            <value>B</value>
        </correctResponse>
        <mapping defaultValue="0.0">
            <mapEntry mapKey="TBD" mappedValue="1.0"/>
        </mapping>
    </responseDeclaration>
    <itemBody class1="" id="mc">
        <p class1="" id="11" label="Times New Roman">
            <span class1="" id="14">Alaska’s Aleutian Islands have many active volcanoes. Some of the volcanoes are listed below. What is the height of Makushin rounded to the nearest hundred?
</span>
            <table class1="" id="1">
                <tbody class1="">
                    <tr class1="">
                        <td class1="" headers="">ALASKA’S ACTIVE VOLCANOES</td>
                    </tr>
                    <tr class1="">
                        <td class1="" headers="">Volcano</td>
                        <td class1="" headers="">Height (in feet)</td>
                    </tr>
                    <tr class1="">
                        <td class1="" headers="">Cleveland</td>
                        <td class1="" headers="">5,675</td>
                    </tr>
                    <tr class1="">
                        <td class1="" headers="">Great Sitkin</td>
                        <td class1="" headers="">5,710</td>
                    </tr>
                    <tr class1="">
                        <td class1="" headers="">Okmok</td>
                        <td class1="" headers="">3,520</td>
                    </tr>
                    <tr class1="">
                        <td class1="" headers="">Makushin</td>
                        <td class1="" headers="">6,680</td>
                    </tr>
                </tbody>
            </table>
        </p>
        <choiceInteraction class1="" maxChoices="1" responseIdentifier="RESPONSE" shuffle="false">
            <simpleChoice class1="" identifier="ChoiceA">
                <p class1="" id="11" label="Times New Roman">
                    <span class1="" id="14">6,800 feet</span>
                </p>
            </simpleChoice>
            <simpleChoice class1="" identifier="ChoiceB">
                <p class1="" id="11" label="Times New Roman">
                    <span class1="" id="14">6,700 feet</span>
                </p>
            </simpleChoice>
            <simpleChoice class1="" identifier="ChoiceC">
                <p class1="" id="11" label="Times New Roman">
                    <span class1="" id="14">6,600 feet</span>
                </p>
            </simpleChoice>
            <simpleChoice class1="" identifier="ChoiceD">
                <p class1="" id="11" label="Times New Roman">
                    <span class1="" id="14">5,700 feet</span>
                </p>
            </simpleChoice>
        </choiceInteraction>
    </itemBody>
</assessmentItem>
