<?xml version="1.0" encoding="UTF-8" standalone="yes"?>
<assessmentItem xmlns="http://www.imsglobal.org/xsd/imsqti_v2p0" adaptive="false" identifier="id" timeDependent="false" title="iupo">
    <responseDeclaration cardinality="single" identifier="RESPONSE">
        <correctResponse>
            <value>C</value>
        </correctResponse>
        <mapping defaultValue="0.0">
            <mapEntry mapKey="TBD" mappedValue="1.0"/>
        </mapping>
    </responseDeclaration>
    <itemBody class1="" id="mc">
        <p class1="" id="11" label="Times New Roman">
            <span class1="" id="14">What multiplication fact can help you find </span>
            <img alt="Look at text image." class1="" height="17" src="/temp-images/testitems/90694/itemimages/IN_SF_EN_MA_G3_2004_90_21_1.png" width="45"/>
            <span class1="" id="14">?</span>
        </p>
        <choiceInteraction class1="" maxChoices="1" responseIdentifier="RESPONSE" shuffle="false">
            <simpleChoice class1="" identifier="ChoiceA">
                <p class1="" id="11" label="Times New Roman">
                    <img alt="Look at text image." class1="" height="17" src="/temp-images/testitems/90694/itemimages/IN_SF_EN_MA_G3_2004_90_21_2.png" width="45"/>
                </p>
            </simpleChoice>
            <simpleChoice class1="" identifier="ChoiceB">
                <p class1="" id="11" label="Times New Roman">
                    <img alt="Look at text image." class1="" height="17" src="/temp-images/testitems/90694/itemimages/IN_SF_EN_MA_G3_2004_90_21_3.png" width="45"/>
                </p>
            </simpleChoice>
            <simpleChoice class1="" identifier="ChoiceC">
                <p class1="" id="11" label="Times New Roman">
                    <img alt="Look at text image." class1="" height="17" src="/temp-images/testitems/90694/itemimages/IN_SF_EN_MA_G3_2004_90_21_4.png" width="36"/>
                </p>
            </simpleChoice>
            <simpleChoice class1="" identifier="ChoiceD">
                <p class1="" id="11" label="Times New Roman">
                    <img alt="Look at text image." class1="" height="17" src="/temp-images/testitems/90694/itemimages/IN_SF_EN_MA_G3_2004_90_21_5.png" width="36"/>
                </p>
            </simpleChoice>
        </choiceInteraction>
    </itemBody>
</assessmentItem>
