<?xml version="1.0" encoding="UTF-8" standalone="yes"?>
<assessmentItem xmlns="http://www.imsglobal.org/xsd/imsqti_v2p0" adaptive="false" identifier="id" timeDependent="false" title="iupo">
    <responseDeclaration cardinality="single" identifier="RESPONSE">
        <correctResponse>
            <value>D</value>
        </correctResponse>
        <mapping defaultValue="0.0">
            <mapEntry mapKey="TBD" mappedValue="1.0"/>
        </mapping>
    </responseDeclaration>
    <itemBody class1="" id="mc">
        <p class1="" id="11" label="Times New Roman">
            <span class1="" id="14">There were 5 cages of gerbils in a shipment to the pet store. There were 8 gerbils in each cage. How many gerbils were in the shipment?
</span>
            <img alt="Look at text image." class1="" height="86" src="/temp-images/testitems/90694/itemimages/IN_SF_EN_MA_G3_2004_90_15_2.png" width="158"/>
            <img alt="Look at text image." class1="" height="86" src="/temp-images/testitems/90694/itemimages/IN_SF_EN_MA_G3_2004_90_15_4.png" width="158"/>
            <img alt="Look at text image." class1="" height="86" src="/temp-images/testitems/90694/itemimages/IN_SF_EN_MA_G3_2004_90_15_6.png" width="158"/>
            <img alt="Look at text image." class1="" height="86" src="/temp-images/testitems/90694/itemimages/IN_SF_EN_MA_G3_2004_90_15_8.png" width="158"/>
            <img alt="Look at text image." class1="" height="86" src="/temp-images/testitems/90694/itemimages/IN_SF_EN_MA_G3_2004_90_15_10.png" width="158"/>
        </p>
        <choiceInteraction class1="" maxChoices="1" responseIdentifier="RESPONSE" shuffle="false">
            <simpleChoice class1="" identifier="ChoiceA">
                <p class1="" id="11" label="Times New Roman">
                    <span class1="" id="14">25</span>
                </p>
            </simpleChoice>
            <simpleChoice class1="" identifier="ChoiceB">
                <p class1="" id="11" label="Times New Roman">
                    <span class1="" id="14">30</span>
                </p>
            </simpleChoice>
            <simpleChoice class1="" identifier="ChoiceC">
                <p class1="" id="11" label="Times New Roman">
                    <span class1="" id="14">35</span>
                </p>
            </simpleChoice>
            <simpleChoice class1="" identifier="ChoiceD">
                <p class1="" id="11" label="Times New Roman">
                    <span class1="" id="14">40</span>
                </p>
            </simpleChoice>
        </choiceInteraction>
    </itemBody>
</assessmentItem>
