<?xml version="1.0" encoding="UTF-8" standalone="yes"?>
<assessmentItem xmlns="http://www.imsglobal.org/xsd/imsqti_v2p0" adaptive="false" identifier="id" timeDependent="false" title="iupo">
    <responseDeclaration cardinality="single" identifier="RESPONSE">
        <correctResponse>
            <value>B</value>
        </correctResponse>
        <mapping defaultValue="0.0">
            <mapEntry mapKey="TBD" mappedValue="1.0"/>
        </mapping>
    </responseDeclaration>
    <itemBody class1="" id="mc">
        <p class1="" id="11" label="Times New Roman">
            <span class1="" id="14">The third grade class made a table showing how many children preferred each after-school activity. Then, they made a bar graph. Which bar does not match the table?
</span>
            <table class1="" id="1">
                <tbody class1="">
                    <tr class1="">
                        <td class1="" headers="">FAVORITE ACTIVITIES</td>
                    </tr>
                    <tr class1="">
                        <td class1="" headers="">Reading</td>
                        <td class1="" headers="">10</td>
                    </tr>
                    <tr class1="">
                        <td class1="" headers="">Playing Video Games</td>
                        <td class1="" headers="">10</td>
                    </tr>
                    <tr class1="">
                        <td class1="" headers="">Playing Sports</td>
                        <td class1="" headers="">2</td>
                    </tr>
                    <tr class1="">
                        <td class1="" headers="">Watching TV</td>
                        <td class1="" headers="">12</td>
                    </tr>
                </tbody>
            </table>
            <img alt="Look at text image." class1="" height="196" src="/temp-images/testitems/90694/itemimages/IN_SF_EN_MA_G3_2004_90_13_1.png" width="438"/>
        </p>
        <choiceInteraction class1="" maxChoices="1" responseIdentifier="RESPONSE" shuffle="false">
            <simpleChoice class1="" identifier="ChoiceA">
                <p class1="" id="11" label="Times New Roman">
                    <span class1="" id="14">Playing Video Games</span>
                </p>
            </simpleChoice>
            <simpleChoice class1="" identifier="ChoiceB">
                <p class1="" id="11" label="Times New Roman">
                    <span class1="" id="14">Reading</span>
                </p>
            </simpleChoice>
            <simpleChoice class1="" identifier="ChoiceC">
                <p class1="" id="11" label="Times New Roman">
                    <span class1="" id="14">Playing Sports</span>
                </p>
            </simpleChoice>
            <simpleChoice class1="" identifier="ChoiceD">
                <p class1="" id="11" label="Times New Roman">
                    <span class1="" id="14">Watching TV</span>
                </p>
            </simpleChoice>
        </choiceInteraction>
    </itemBody>
</assessmentItem>
