<?xml version="1.0" encoding="UTF-8" standalone="no"?>
<assessmentItem adaptive="false" identifier="item" timeDependent="false" title="" xmlns="http://www.imsglobal.org/xsd/imsqti_v2p0">
<responseDeclaration cardinality="single" identifier="RESPONSE">
<correctResponse>
<value>A</value>
</correctResponse>
</responseDeclaration>
<itemBody id="mc" label="PHL_10_G10_BMT_1_No_Essays_Mountain.xml">
<div id="11" label="Times New Roman">What prediction would you most likely make after reading only as far as sentence 5?</div>
<choiceInteraction maxChoices="1" responseIdentifier="RESPONSE" shuffle="false">
<simpleChoice identifier="ChoiceA">
<p id="11" label="Times New Roman">There will be a full-fledged volcanic eruption on the mountain.</p>
</simpleChoice>
<simpleChoice identifier="ChoiceB">
<p id="11" label="Times New Roman">People will ignore the danger signs and will therefore be killed when the volcano erupts.</p>
</simpleChoice>
<simpleChoice identifier="ChoiceC">
<p id="11" label="Times New Roman">There will not be a full-fledged volcanic eruption on the mountain.</p>
</simpleChoice>
<simpleChoice identifier="ChoiceD">
<p id="11" label="Times New Roman">People will heed the danger signs and be annoyed when the volcano fails to erupt.</p>
</simpleChoice>
</choiceInteraction>
</itemBody>
</assessmentItem>
