<?xml version="1.0" encoding="UTF-8" standalone="no"?>
<assessmentItem adaptive="false" identifier="item" timeDependent="false" title="" xmlns="http://www.imsglobal.org/xsd/imsqti_v2p0">
<responseDeclaration cardinality="single" identifier="RESPONSE">
<correctResponse>
<value>B</value>
</correctResponse>
</responseDeclaration>
<itemBody id="mc" label="PHL_10_G10_BMT_1_No_Essays_Nouns.xml">
<div id="11" label="Times New Roman">
<span>How many abstract nouns does this sentence contain?<br/>
</span>
<span>Love can bring sorrow and joy, smiles, and tears.</span>
</div>
<choiceInteraction maxChoices="1" responseIdentifier="RESPONSE" shuffle="false">
<simpleChoice identifier="ChoiceA">
<p id="11" label="Times New Roman">
<span>one</span>
</p>
</simpleChoice>
<simpleChoice identifier="ChoiceB">
<p id="11" label="Times New Roman">
<span>three</span>
</p>
</simpleChoice>
<simpleChoice identifier="ChoiceC">
<p id="11" label="Times New Roman">four</p>
</simpleChoice>
<simpleChoice identifier="ChoiceD">
<p id="11" label="Times New Roman">five</p>
</simpleChoice>
</choiceInteraction>
</itemBody>
</assessmentItem>
