<?xml version="1.0" encoding="UTF-8" standalone="no"?>
<assessmentItem adaptive="false" identifier="item" timeDependent="false" title="" xmlns="http://www.imsglobal.org/xsd/imsqti_v2p0">
<responseDeclaration cardinality="single" identifier="RESPONSE">
<correctResponse>
<value>B</value>
</correctResponse>
</responseDeclaration>
<itemBody id="mc" label="PHL_10_G10_BMT_1_No_Essays_Predictions.xml">
<div id="11" label="Times New Roman">Based on your knowledge of human nature, how do you think the other girls at Spencerville High School will probably react to the girl Danny finally singles out for special attention?</div>
<choiceInteraction maxChoices="1" responseIdentifier="RESPONSE" shuffle="false">
<simpleChoice identifier="ChoiceA">
<p id="11" label="Times New Roman">They will probably be delighted by the couple’s happiness.</p>
</simpleChoice>
<simpleChoice identifier="ChoiceB">
<p id="11" label="Times New Roman">They will probably be a little jealous of the girl Danny chooses.</p>
</simpleChoice>
<simpleChoice identifier="ChoiceC">
<p id="11" label="Times New Roman">They will probably demand that Danny pay more attention to them.</p>
</simpleChoice>
<simpleChoice identifier="ChoiceD">
<p id="11" label="Times New Roman">They will probably ignore Danny and the girl completely.</p>
</simpleChoice>
</choiceInteraction>
</itemBody>
</assessmentItem>
