<?xml version="1.0" encoding="UTF-8" standalone="no"?>
<assessmentItem adaptive="false" identifier="item" timeDependent="false" title="" xmlns="http://www.imsglobal.org/xsd/imsqti_v2p0">
<responseDeclaration cardinality="single" identifier="RESPONSE">
<correctResponse>
<value>B</value>
</correctResponse>
</responseDeclaration>
<itemBody id="mc" label="PHL_10_G10_BMT_1_No_Essays_Structure.and.Format.xml">
<div id="11" label="Times New Roman">
<span>How is the information in a newspaper or magazine article usually organized?</span>
</div>
<choiceInteraction maxChoices="1" responseIdentifier="RESPONSE" shuffle="false">
<simpleChoice identifier="ChoiceA">
<p id="11" label="Times New Roman">
<span>The most important information is presented last.</span>
</p>
</simpleChoice>
<simpleChoice identifier="ChoiceB">
<p id="11" label="Times New Roman">
<span>The most important information is presented first.</span>
</p>
</simpleChoice>
<simpleChoice identifier="ChoiceC">
<p id="11" label="Times New Roman">
<span>The most important information is shown in a chart.</span>
</p>
</simpleChoice>
<simpleChoice identifier="ChoiceD">
<p id="11" label="Times New Roman">
<span>The most important information is spread throughout the article.</span>
</p>
</simpleChoice>
</choiceInteraction>
</itemBody>
</assessmentItem>
