<?xml version="1.0" encoding="UTF-8" standalone="no"?>
<assessmentItem adaptive="false" identifier="item" timeDependent="false" title="" xmlns="http://www.imsglobal.org/xsd/imsqti_v2p0">
<responseDeclaration cardinality="single" identifier="RESPONSE">
<correctResponse>
<value>C</value>
</correctResponse>
</responseDeclaration>
<itemBody id="mc" label="PHL_10_G10_BMT_1_No_Essays_Structure.and.Format.xml">
<div id="11" label="Times New Roman">
<span>Which of the following does this sentence represent?<br/>
</span>
<span>When asked for a statement, the judge said that he would rather not comment on the case.</span>
</div>
<choiceInteraction maxChoices="1" responseIdentifier="RESPONSE" shuffle="false">
<simpleChoice identifier="ChoiceA">
<p id="11" label="Times New Roman">
<span>a vivid description</span>
</p>
</simpleChoice>
<simpleChoice identifier="ChoiceB">
<p id="11" label="Times New Roman">
<span>an opinion</span>
</p>
</simpleChoice>
<simpleChoice identifier="ChoiceC">
<p id="11" label="Times New Roman">
<span>an indirect quotation</span>
</p>
</simpleChoice>
<simpleChoice identifier="ChoiceD">
<p id="11" label="Times New Roman">
<span>an introduction</span>
</p>
</simpleChoice>
</choiceInteraction>
</itemBody>
</assessmentItem>
