<?xml version="1.0" encoding="UTF-8" standalone="no"?>
<assessmentItem adaptive="false" identifier="item" timeDependent="false" title="" xmlns="http://www.imsglobal.org/xsd/imsqti_v2p0">
<responseDeclaration cardinality="single" identifier="RESPONSE">
<correctResponse>
<value>A</value>
</correctResponse>
</responseDeclaration>
<itemBody id="mc" label="PHL_10_G10_BMT_1_No_Essays_Nouns.xml">
<div id="11" label="Times New Roman">Which of these sentences uses possessive nouns correctly?</div>
<choiceInteraction maxChoices="1" responseIdentifier="RESPONSE" shuffle="false">
<simpleChoice identifier="ChoiceA">
<p id="11" label="Times New Roman">The two brothers’ contribution to the family’s garage sale was a box of children’s toys.</p>
</simpleChoice>
<simpleChoice identifier="ChoiceB">
<p id="11" label="Times New Roman">The two brother’s contribution to the familys’ garage sale was a box of childrens’ toys.</p>
</simpleChoice>
<simpleChoice identifier="ChoiceC">
<p id="11" label="Times New Roman">The two brothers’ contribution to the families garage sale was a box of children’s toys.</p>
</simpleChoice>
<simpleChoice identifier="ChoiceD">
<p id="11" label="Times New Roman">The two brother’s contribution to the family’s garage sale was a box of childrens’ toys.</p>
</simpleChoice>
</choiceInteraction>
</itemBody>
</assessmentItem>
