<?xml version="1.0" encoding="UTF-8" standalone="no"?>
<assessmentItem adaptive="false" identifier="item" timeDependent="false" title="" xmlns="http://www.imsglobal.org/xsd/imsqti_v2p0">
<responseDeclaration cardinality="single" identifier="RESPONSE">
<correctResponse>
<value>A</value>
</correctResponse>
</responseDeclaration>
<itemBody id="mc" label="PHL_10_G07_BMT_4_No_Essays_Irony.xml">
<div id="11" label="Times New Roman">What makes the following statement <i>ironic</i>?<br/>
<br/>
<span>Sam’s contest-winning essay was on the beauties of nature, but he had spent his whole life in New York City. <br/>
</span>
</div>
<choiceInteraction maxChoices="1" responseIdentifier="RESPONSE" shuffle="false">
<simpleChoice identifier="ChoiceA">
<p id="11" label="Times New Roman">Sam wrote well about the beauties of nature even though he has always been a city dweller.</p>
</simpleChoice>
<simpleChoice identifier="ChoiceB">
<p id="11" label="Times New Roman">Sam’s essay won the contest even though it was about the beauties of nature.</p>
</simpleChoice>
<simpleChoice identifier="ChoiceC">
<p id="11" label="Times New Roman">Sam has always lived in New York City, yet he entered an essay contest.</p>
</simpleChoice>
<simpleChoice identifier="ChoiceD">
<p id="11" label="Times New Roman">The contest judged the best essay writer rather than the best athlete.</p>
</simpleChoice>
</choiceInteraction>
</itemBody>
</assessmentItem>
