<?xml version="1.0" encoding="UTF-8" standalone="no"?>
<assessmentItem adaptive="false" identifier="item" timeDependent="false" title="" xmlns="http://www.imsglobal.org/xsd/imsqti_v2p0">
<responseDeclaration cardinality="single" identifier="RESPONSE">
<correctResponse>
<value>C</value>
</correctResponse>
</responseDeclaration>
<itemBody id="mc" label="PHL_10_G07_BMT_4_No_Essays_Prefixes.xml">
<div id="11" label="Times New Roman">
<span>The prefix <i>mal-</i> means “bad.” Using this knowledge, what is the meaning of the word <br/>
</span>
<i>malfunction</i> in the following sentence?<br/>
<span>A malfunction in the machine shut down production.</span>
</div>
<choiceInteraction maxChoices="1" responseIdentifier="RESPONSE" shuffle="false">
<simpleChoice identifier="ChoiceA">
<p id="11" label="Times New Roman">
<span>inconsistency </span>
</p>
</simpleChoice>
<simpleChoice identifier="ChoiceB">
<p id="11" label="Times New Roman">
<span>missing part</span>
</p>
</simpleChoice>
<simpleChoice identifier="ChoiceC">
<p id="11" label="Times New Roman">
<span>failure to work well</span>
</p>
</simpleChoice>
<simpleChoice identifier="ChoiceD">
<p id="11" label="Times New Roman">
<span>poor usage</span>
</p>
</simpleChoice>
</choiceInteraction>
</itemBody>
</assessmentItem>
