<?xml version="1.0" encoding="UTF-8" standalone="no"?>
<assessmentItem adaptive="false" identifier="item" timeDependent="false" title="" xmlns="http://www.imsglobal.org/xsd/imsqti_v2p0">
<responseDeclaration cardinality="single" identifier="RESPONSE">
<correctResponse>
<value>A</value>
</correctResponse>
</responseDeclaration>
<itemBody id="mc" label="PHL_10_G07_BMT_4_No_Essays_Adverbs.xml">
<div id="11" label="Times New Roman">Where should the adverb <i>only</i> be placed in a sentence?</div>
<choiceInteraction maxChoices="1" responseIdentifier="RESPONSE" shuffle="false">
<simpleChoice identifier="ChoiceA">
<p id="11" label="Times New Roman">Place the adverb <i>only</i> directly before the word or phrase it modifies.</p>
</simpleChoice>
<simpleChoice identifier="ChoiceB">
<p id="11" label="Times New Roman">Place the adverb <i>only</i> directly after the word or phrase it modifies.</p>
</simpleChoice>
<simpleChoice identifier="ChoiceC">
<p id="11" label="Times New Roman">Place the adverb <i>only</i> at the beginning of sentences.</p>
</simpleChoice>
<simpleChoice identifier="ChoiceD">
<p id="11" label="Times New Roman">Place the adverb <i>only</i> at the conclusion of sentences.</p>
</simpleChoice>
</choiceInteraction>
</itemBody>
</assessmentItem>
