<?xml version="1.0" encoding="UTF-8" standalone="no"?>
<assessmentItem adaptive="false" identifier="item" timeDependent="false" title="" xmlns="http://www.imsglobal.org/xsd/imsqti_v2p0">
<responseDeclaration cardinality="single" identifier="RESPONSE">
<correctResponse>
<value>D</value>
</correctResponse>
</responseDeclaration>
<itemBody id="mc" label="PHL_10_G07_BMT_4_No_Essays_Irony.xml">
<div id="11" label="Times New Roman">Which of the following descriptions best defines the concept of <i>irony</i>?</div>
<choiceInteraction maxChoices="1" responseIdentifier="RESPONSE" shuffle="false">
<simpleChoice identifier="ChoiceA">
<p id="11" label="Times New Roman">Irony is a comparison between two or more things that mostly similar </p>
</simpleChoice>
<simpleChoice identifier="ChoiceB">
<p id="11" label="Times New Roman">Irony is a figure of speech in which <i>like </i>or <i>as</i> is used to compare two ideas.</p>
</simpleChoice>
<simpleChoice identifier="ChoiceC">
<p id="11" label="Times New Roman">Irony is figurative language in which a nonhuman subject is given human characteristics.</p>
</simpleChoice>
<simpleChoice identifier="ChoiceD">
<p id="11" label="Times New Roman">Irony is the contrast between an outcome and what the reader expects to happen.</p>
</simpleChoice>
</choiceInteraction>
</itemBody>
</assessmentItem>
