<?xml version="1.0" encoding="UTF-8" standalone="no"?>
<assessmentItem adaptive="false" identifier="item" timeDependent="false" title="" xmlns="http://www.imsglobal.org/xsd/imsqti_v2p0">
<responseDeclaration cardinality="single" identifier="RESPONSE">
<correctResponse>
<value>D</value>
</correctResponse>
</responseDeclaration>
<itemBody id="mc" label="PHL_10_G07_BMT_4_No_Essays_Conflict.xml">
<div id="11" label="Times New Roman">Which story situation is an example of a human in conflict with nature?</div>
<choiceInteraction maxChoices="1" responseIdentifier="RESPONSE" shuffle="false">
<simpleChoice identifier="ChoiceA">
<p id="11" label="Times New Roman">A character cannot decide whether to learn to ski or to learn to scuba dive.</p>
</simpleChoice>
<simpleChoice identifier="ChoiceB">
<p id="11" label="Times New Roman">Two characters disagree about what to do with $1,000 in reward money.</p>
</simpleChoice>
<simpleChoice identifier="ChoiceC">
<p id="11" label="Times New Roman">
<span>A teenager wants to try skydiving, but he is not yet eighteen years of age.</span>
</p>
</simpleChoice>
<simpleChoice identifier="ChoiceD">
<p id="11" label="Times New Roman">
<span>An explorer is in danger as the waters rapidly rise in the cave she is exploring.</span>
</p>
</simpleChoice>
</choiceInteraction>
</itemBody>
</assessmentItem>
