<?xml version="1.0" encoding="UTF-8" standalone="no"?>
<assessmentItem adaptive="false" identifier="item" timeDependent="false" title="" xmlns="http://www.imsglobal.org/xsd/imsqti_v2p0">
<responseDeclaration cardinality="single" identifier="RESPONSE">
<correctResponse>
<value>B</value>
</correctResponse>
</responseDeclaration>
<itemBody id="mc" label="PHL_10_G08_BMT_11_No_Essays_Grammar.xml">
<div id="11" label="Times New Roman">How should you correct the punctuation in this sentence?<br/>
<span>Owing to the rain the barbecue was canceled, our party was instead held indoors.</span>
</div>
<choiceInteraction maxChoices="1" responseIdentifier="RESPONSE" shuffle="false">
<simpleChoice identifier="ChoiceA">
<p id="11" label="Times New Roman">Add a comma after <i>rain</i> and remove the comma after <i>canceled.</i>
</p>
</simpleChoice>
<simpleChoice identifier="ChoiceB">
<p id="11" label="Times New Roman">Add a comma after <i>rain</i> and change the comma after <i>canceled</i> to a semicolon.</p>
</simpleChoice>
<simpleChoice identifier="ChoiceC">
<p id="11" label="Times New Roman">Just change the comma after <i>canceled</i> to a period and capitalize the <i>o</i> in <i>our.</i>
</p>
</simpleChoice>
<simpleChoice identifier="ChoiceD">
<p id="11" label="Times New Roman">No changes are necessary; the sentence is correct as is.</p>
</simpleChoice>
</choiceInteraction>
</itemBody>
</assessmentItem>
