<?xml version="1.0" encoding="UTF-8" standalone="no"?>
<assessmentItem adaptive="false" identifier="item" timeDependent="false" title="" xmlns="http://www.imsglobal.org/xsd/imsqti_v2p0">
<responseDeclaration cardinality="single" identifier="RESPONSE">
<correctResponse>
<value>C</value>
</correctResponse>
</responseDeclaration>
<itemBody id="mc" label="PHL_10_G08_BMT_11_No_Essays_Grammar.xml">
<div id="11" label="Times New Roman">Which of these sentences is punctuated correctly?</div>
<choiceInteraction maxChoices="1" responseIdentifier="RESPONSE" shuffle="false">
<simpleChoice identifier="ChoiceA">
<p id="11" label="Times New Roman">The zoo which opens at ten stays open late on Thursdays, Saturdays, and Sundays.</p>
</simpleChoice>
<simpleChoice identifier="ChoiceB">
<p id="11" label="Times New Roman">Beautifully landscaped it is a large, impressive zoo with thousands of animals.</p>
</simpleChoice>
<simpleChoice identifier="ChoiceC">
<p id="11" label="Times New Roman">If you visit on a busy weekend, you will probably wait in line at opening time.</p>
</simpleChoice>
<simpleChoice identifier="ChoiceD">
<p id="11" label="Times New Roman">A visit usually costs seven dollars for adults but on Thursdays the zoo is free to all.</p>
</simpleChoice>
</choiceInteraction>
</itemBody>
</assessmentItem>
