<?xml version="1.0" encoding="UTF-8" standalone="no"?>
<assessmentItem adaptive="false" identifier="item" timeDependent="false" title="" xmlns="http://www.imsglobal.org/xsd/imsqti_v2p0">
<responseDeclaration cardinality="single" identifier="RESPONSE">
<correctResponse>
<value>B</value>
</correctResponse>
</responseDeclaration>
<itemBody id="mc" label="PHL_10_G08_BMT_11_No_Essays_Vocab.xml">
<div id="11" label="Times New Roman">
<span>
<span id="12">What is the meaning of the suffix <i>-ful</i> as it is used in the following sentence?<br/>
</span>
</span>
<span>
<span id="12">The wounded animal began to howl with a pitiful wail.</span>
</span>
</div>
<choiceInteraction maxChoices="1" responseIdentifier="RESPONSE" shuffle="false">
<simpleChoice identifier="ChoiceA">
<p id="11" label="Times New Roman">
<span id="12">lacking</span>
</p>
</simpleChoice>
<simpleChoice identifier="ChoiceB">
<p id="11" label="Times New Roman">
<span id="12">deserving</span>
</p>
</simpleChoice>
<simpleChoice identifier="ChoiceC">
<p id="11" label="Times New Roman">
<span id="12">denying</span>
</p>
</simpleChoice>
<simpleChoice identifier="ChoiceD">
<p id="11" label="Times New Roman">
<span id="12">believing</span>
</p>
</simpleChoice>
</choiceInteraction>
</itemBody>
</assessmentItem>
