<?xml version="1.0" encoding="UTF-8" standalone="no"?>
<assessmentItem adaptive="false" identifier="item" timeDependent="false" title="" xmlns="http://www.imsglobal.org/xsd/imsqti_v2p0">
<responseDeclaration cardinality="single" identifier="RESPONSE">
<correctResponse>
<value>D</value>
</correctResponse>
</responseDeclaration>
<itemBody id="mc" label="PHL_10_G08_BMT_11_No_Essays_Grammar.xml">
<div id="11" label="Times New Roman">How should this sentence be rewritten so that it uses commas correctly?<br/>
<span>While touring Spain, we visited the cities of Madrid Granada, and Seville but never reached Barcelona.</span>
</div>
<choiceInteraction maxChoices="1" responseIdentifier="RESPONSE" shuffle="false">
<simpleChoice identifier="ChoiceA">
<p id="11" label="Times New Roman">Add a comma after <i>Spain, Madrid, </i>and <i>Seville </i>and keep the comma after<i> Granada.</i>
</p>
</simpleChoice>
<simpleChoice identifier="ChoiceB">
<p id="11" label="Times New Roman">Add a comma after <i>Spain</i> and <i>Madrid </i>and remove the comma after <i>Granada.</i>
</p>
</simpleChoice>
<simpleChoice identifier="ChoiceC">
<p id="11" label="Times New Roman">Add a comma after <i>Madrid</i> and <i>Seville</i> only and keep the comma after <i>Granada.</i>
</p>
</simpleChoice>
<simpleChoice identifier="ChoiceD">
<p id="11" label="Times New Roman">Add a comma after <i>Spain</i> and <i>Madrid </i>and keep the comma after <i>Granada.</i>
</p>
</simpleChoice>
</choiceInteraction>
</itemBody>
</assessmentItem>
