<?xml version="1.0" encoding="UTF-8" standalone="no"?>
<assessmentItem adaptive="false" identifier="item" timeDependent="false" title="" xmlns="http://www.imsglobal.org/xsd/imsqti_v2p0">
<responseDeclaration cardinality="single" identifier="RESPONSE">
<correctResponse>
<value>C</value>
</correctResponse>
</responseDeclaration>
<itemBody id="mc" label="PHL_10_G08_BMT_11_No_Essays_Grammar.xml">
<div id="11" label="Times New Roman">Which of the following is a run-on sentence?</div>
<choiceInteraction maxChoices="1" responseIdentifier="RESPONSE" shuffle="false">
<simpleChoice identifier="ChoiceA">
<p id="11" label="Times New Roman">
<span>I like seeing movies and I went to a baseball game yesterday and I hate doing chores.</span>
</p>
</simpleChoice>
<simpleChoice identifier="ChoiceB">
<p id="11" label="Times New Roman">
<span>The movie was supposed to start at 10 o’clock, but something was wrong with the projector so it didn’t start until 11 o’clock.</span>
</p>
</simpleChoice>
<simpleChoice identifier="ChoiceC">
<p id="11" label="Times New Roman">
<span>Jack, Jill, Mark, and Sabrina went to see a movie last night it was very good.</span>
</p>
</simpleChoice>
<simpleChoice identifier="ChoiceD">
<p id="11" label="Times New Roman">When I go to see a movie, I like to eat popcorn and drink water.</p>
</simpleChoice>
</choiceInteraction>
</itemBody>
</assessmentItem>
