<?xml version="1.0" encoding="UTF-8" standalone="no"?>
<assessmentItem adaptive="false" identifier="item" timeDependent="false" title="" xmlns="http://www.imsglobal.org/xsd/imsqti_v2p0">
<responseDeclaration cardinality="single" identifier="RESPONSE">
<correctResponse>
<value>C</value>
</correctResponse>
</responseDeclaration>
<itemBody id="mc" label="PHL_10_G08_BMT_11_No_Essays_Reading.xml">
<div id="11" label="Times New Roman">Which statement below is the best summary of this paragraph?<br/>
<span>
<br/>Among the huge number of things you can see at the Art Institute of Chicago are the Harding collection of medieval armor and the Thorne collection of miniature rooms, handmade to the smallest detail. The museum’s paintings, which go back to the thirteenth century, include a particularly fine collection of European impressionist and post-impressionist works. The museum is also known for its American art and furniture, including the famous paintings <i>Nighthawks</i> by Edward Hopper and <i>American Gothic</i> by Grant Wood.<br/>
</span>
</div>
<choiceInteraction maxChoices="1" responseIdentifier="RESPONSE" shuffle="false">
<simpleChoice identifier="ChoiceA">
<p id="11" label="Times New Roman">The Art Institute of Chicago displays works going back to the thirteenth century.</p>
</simpleChoice>
<simpleChoice identifier="ChoiceB">
<p id="11" label="Times New Roman">Highlights at the Art Institute of Chicago include a collection of medieval armor.</p>
</simpleChoice>
<simpleChoice identifier="ChoiceC">
<p id="11" label="Times New Roman">The Art Institute of Chicago has a huge collection of works from Europe and America, stretching into the past and ranging from artifacts to paintings.</p>
</simpleChoice>
<simpleChoice identifier="ChoiceD">
<p id="11" label="Times New Roman">At the Art Institute of Chicago you can find many famous works of art, including <i>American Gothic</i> by Grant Wood.</p>
</simpleChoice>
</choiceInteraction>
</itemBody>
</assessmentItem>
