<?xml version="1.0" encoding="UTF-8" standalone="no"?>
<assessmentItem adaptive="false" identifier="item" timeDependent="false" title="" xmlns="http://www.imsglobal.org/xsd/imsqti_v2p0">
<responseDeclaration cardinality="single" identifier="RESPONSE">
<correctResponse>
<value>D</value>
</correctResponse>
</responseDeclaration>
<itemBody id="mc">
<div id="11" label="Times New Roman">
<span>
<span label="Times">
<span id="12">Based on context clues, what is the best definition of </span>
</span>
<span id="12">
<span label="Times">
<i>pinnace</i> as used in this passage from “Drake’s Great Armada” by Captain Walter Bigge?<br/>
</span>
</span>
</span>
<span>
<span label="Times">
<span id="12">The General caused the Vice-Admiral to go with the </span>
</span>
<span id="12">
<span label="Times">
<span class="underline">pinnaces</span> well manned to see what they were; who upon sight of the said <span class="underline">pinnaces</span> approaching near unto them, abandoned for the most part all their ships, being Frenchmen, laden all with salt, and bound homewards into France.</span>
</span>
</span>
</div>
<choiceInteraction maxChoices="1" responseIdentifier="RESPONSE" shuffle="false">
<simpleChoice identifier="ChoiceA">
<p id="11" label="Times New Roman">
<span label="Times">
<span id="12">a type of sword</span>
</span>
</p>
</simpleChoice>
<simpleChoice identifier="ChoiceB">
<p id="11" label="Times New Roman">
<span label="Times">
<span id="12">a type of sail</span>
</span>
</p>
</simpleChoice>
<simpleChoice identifier="ChoiceC">
<p id="11" label="Times New Roman">
<span label="Times">
<span id="12">a type of compass</span>
</span>
</p>
</simpleChoice>
<simpleChoice identifier="ChoiceD">
<p id="11" label="Times New Roman">
<span label="Times">
<span id="12">a type of boat</span>
</span>
</p>
</simpleChoice>
</choiceInteraction>
</itemBody>
</assessmentItem>
