<?xml version="1.0" encoding="UTF-8" standalone="no"?>
<assessmentItem adaptive="false" identifier="item" timeDependent="false" title="" xmlns="http://www.imsglobal.org/xsd/imsqti_v2p0">
<responseDeclaration cardinality="single" identifier="RESPONSE">
<correctResponse>
<value>C</value>
</correctResponse>
</responseDeclaration>
<itemBody id="mc" label="PHL_10_G11_BMT_2_QUES.6.xml">
<div id="11" label="Times New Roman">
<span label="Times">
<span id="12">What was the direct effect of Harriet’s father being intelligent and skillful in his trade?</span>
</span>
</div>
<choiceInteraction maxChoices="1" responseIdentifier="RESPONSE" shuffle="false">
<simpleChoice identifier="ChoiceA">
<p id="11" label="Times New Roman">
<span label="Times">
<span id="12">He was able to purchase some of his children.</span>
</span>
</p>
</simpleChoice>
<simpleChoice identifier="ChoiceB">
<p id="11" label="Times New Roman">
<span label="Times">
<span id="12">He had to pay his mistress two hundred dollars a year.</span>
</span>
</p>
</simpleChoice>
<simpleChoice identifier="ChoiceC">
<p id="11" label="Times New Roman">
<span label="Times">
<span id="12">He was sought after as a head workman on building projects.</span>
</span>
</p>
</simpleChoice>
<simpleChoice identifier="ChoiceD">
<p id="11" label="Times New Roman">
<span label="Times">
<span id="12">He was able to keep Harriet from knowing she was a slave until she was six.</span>
</span>
</p>
</simpleChoice>
</choiceInteraction>
</itemBody>
</assessmentItem>
