<?xml version="1.0" encoding="UTF-8" standalone="no"?>
<assessmentItem adaptive="false" identifier="item" timeDependent="false" title="" xmlns="http://www.imsglobal.org/xsd/imsqti_v2p0">
<responseDeclaration cardinality="single" identifier="RESPONSE">
<correctResponse>
<value>B</value>
</correctResponse>
</responseDeclaration>
<itemBody id="mc" label="PHL_10_G11_BMT_2_QUES.17.xml">
<div id="11" label="Times New Roman">
<span label="Times">
<span id="12">How might you rephrase the lines of the poem to clarify their meaning?</span>
</span>
</div>
<choiceInteraction maxChoices="1" responseIdentifier="RESPONSE" shuffle="false">
<simpleChoice identifier="ChoiceA">
<p id="11" label="Times New Roman">
<span label="Times">
<span id="12">A tree representing Franklin has fallen in the woods.</span>
</span>
</p>
</simpleChoice>
<simpleChoice identifier="ChoiceB">
<p id="11" label="Times New Roman">
<span label="Times">
<span id="12">An important person has died and deserves our respect.</span>
</span>
</p>
</simpleChoice>
<simpleChoice identifier="ChoiceC">
<p id="11" label="Times New Roman">
<span label="Times">
<span id="12">If we do not protect our woods, they will be destroyed.</span>
</span>
</p>
</simpleChoice>
<simpleChoice identifier="ChoiceD">
<p id="11" label="Times New Roman">
<span label="Times">
<span id="12">When the elderly die, we should not mourn.</span>
</span>
</p>
</simpleChoice>
</choiceInteraction>
</itemBody>
</assessmentItem>
