<?xml version="1.0" encoding="UTF-8" standalone="no"?>
<assessmentItem adaptive="false" identifier="item" timeDependent="false" title="" xmlns="http://www.imsglobal.org/xsd/imsqti_v2p0">
<responseDeclaration cardinality="single" identifier="RESPONSE">
<correctResponse>
<value>A</value>
</correctResponse>
</responseDeclaration>
<itemBody id="mc" label="PHL_10_G11_BMT_2_DIREC.18.xml">
<div id="11" label="Times New Roman">
<span label="Times">
<span id="12">Which of the following words has a negative connotation?</span>
</span>
</div>
<choiceInteraction maxChoices="1" responseIdentifier="RESPONSE" shuffle="false">
<simpleChoice identifier="ChoiceA">
<p id="11" label="Times New Roman">
<span label="Times">
<span id="12">pig-headed</span>
</span>
</p>
</simpleChoice>
<simpleChoice identifier="ChoiceB">
<p id="11" label="Times New Roman">
<span label="Times">
<span id="12">strong-willed</span>
</span>
</p>
</simpleChoice>
<simpleChoice identifier="ChoiceC">
<p id="11" label="Times New Roman">
<span label="Times">
<span id="12">steadfast</span>
</span>
</p>
</simpleChoice>
<simpleChoice identifier="ChoiceD">
<p id="11" label="Times New Roman">
<span label="Times">
<span id="12">resolute</span>
</span>
</p>
</simpleChoice>
</choiceInteraction>
</itemBody>
</assessmentItem>
