<?xml version="1.0" encoding="UTF-8" standalone="no"?>
<assessmentItem adaptive="false" identifier="item" timeDependent="false" title="" xmlns="http://www.imsglobal.org/xsd/imsqti_v2p0">
<responseDeclaration cardinality="single" identifier="RESPONSE">
<correctResponse>
<value>Essays should indicate how one character’s actions had a direct effect on another character. In addition, students should discuss how the cause-and-effect relationship helped advance the plot and shape the story.</value>
</correctResponse>
</responseDeclaration>
<itemBody id="es">
<div id="11" label="Times New Roman">
<span label="Times">
<span id="12">Think about a character from a literary work you read whose actions had an impact on another character’s life. In a brief essay, discuss how the cause-and-effect relationship helped to shape the story.</span>
</span>
</div>
</itemBody>
</assessmentItem>
