<?xml version="1.0" encoding="UTF-8" standalone="no"?>
<assessmentItem adaptive="false" identifier="item" timeDependent="false" title="" xmlns="http://www.imsglobal.org/xsd/imsqti_v2p0">
<responseDeclaration cardinality="single" identifier="RESPONSE">
<correctResponse>
<value>Students should write commercials that contain examples of major persuasive techniques along with an explanation of how these techniques are used.</value>
</correctResponse>
</responseDeclaration>
<itemBody id="es">
<div id="11" label="Times New Roman">
<span label="Times">
<span id="12">Write a short commercial for a fictional product. Use a variety of persuasive techniques, such as loaded language, repetition, and appeal to reason. Then write a short explanation of each of these techniques illustrated by an example from your commercial.</span>
</span>
</div>
</itemBody>
</assessmentItem>
