<?xml version="1.0" encoding="UTF-8" standalone="no"?>
<assessmentItem adaptive="false" identifier="item" timeDependent="false" title="" xmlns="http://www.imsglobal.org/xsd/imsqti_v2p0">
<responseDeclaration cardinality="single" identifier="RESPONSE">
<correctResponse>
<value>B</value>
</correctResponse>
</responseDeclaration>
<itemBody id="mc" label="PHL_10_G11_BMT_2_QUES.6.xml">
<div id="11" label="Times New Roman">
<span label="Times">
<span id="12">What makes a slave narrative, like this one, unique?</span>
</span>
</div>
<choiceInteraction maxChoices="1" responseIdentifier="RESPONSE" shuffle="false">
<simpleChoice identifier="ChoiceA">
<p id="11" label="Times New Roman">
<span label="Times">
<span id="12">It contains a certain amount of fiction.</span>
</span>
</p>
</simpleChoice>
<simpleChoice identifier="ChoiceB">
<p id="11" label="Times New Roman">
<span label="Times">
<span id="12">It contains the autobiographical events in the life of a enslaved person.</span>
</span>
</p>
</simpleChoice>
<simpleChoice identifier="ChoiceC">
<p id="11" label="Times New Roman">
<span label="Times">
<span id="12">It is not a true autobiography.</span>
</span>
</p>
</simpleChoice>
<simpleChoice identifier="ChoiceD">
<p id="11" label="Times New Roman">
<span label="Times">
<span id="12">It gives specific details about the life of a woman in the19th century.</span>
</span>
</p>
</simpleChoice>
</choiceInteraction>
</itemBody>
</assessmentItem>
