<?xml version="1.0" encoding="UTF-8" standalone="no"?>
<assessmentItem adaptive="false" identifier="item" timeDependent="false" title="" xmlns="http://www.imsglobal.org/xsd/imsqti_v2p0">
<responseDeclaration cardinality="single" identifier="RESPONSE">
<correctResponse>
<value>Students should choose two works of literature to compare and contrast. They should begin with a statement giving their general critical assessment of both works. They should then organize their essays by making point-by-point comparisons and contrasts or by discussing first one work and then the other. They should supply details from the works to illustrate any general points they make.</value>
</correctResponse>
</responseDeclaration>
<itemBody id="es">
<div id="11" label="Times New Roman">
<span label="Times">
<span id="12">Think of two works of literature that have common plots or subjects but are different in other ways. It might be something you read in your textbook or a work from the library or someplace else. Write a brief comparison-and-contrast essay that serves as a critical response or critical review of the two works.</span>
</span>
</div>
</itemBody>
</assessmentItem>
