<?xml version="1.0" encoding="UTF-8" standalone="yes"?>
<assessmentItem adaptive="false" identifier="item" timeDependent="false" title="" xmlns="http://www.imsglobal.org/xsd/imsqti_v2p0">
<responseDeclaration cardinality="single" identifier="RESPONSE">
<correctResponse>
<value>Students should show an understanding of both job-application forms and legendary or epic heroes. They should adapt typically requested information as appropriate—for example, to cover education, they might ask, “Under what warrior or warriors did you train?” For references, they might ask, “Who is your lord or king?”</value>
</correctResponse>
</responseDeclaration>
<itemBody id="es">
<div id="11" label="Times New Roman">Create a job-application form for a legendary or epic hero. On the form, request the kind ofinformation that is typical of most job-application forms (name and address, for example), aswell as questions designed to obtain appropriate information about the hero’s backgroundand achievements.</div>
</itemBody>
</assessmentItem>
