<?xml version="1.0" encoding="UTF-8" standalone="yes"?>
<assessmentItem adaptive="false" identifier="item" timeDependent="false" title="" xmlns="http://www.imsglobal.org/xsd/imsqti_v2p0">
<responseDeclaration cardinality="single" identifier="RESPONSE">
<correctResponse>
<value>C</value>
</correctResponse>
</responseDeclaration>
<itemBody id="mc" label="PHL_10_G12_BMT_1_Douglass.1.xml">
<div id="11" label="Times New Roman">Which of the following graphic aids would be most helpful in explaining the historical contextof the passage from <i>The Anglo-Saxon Chronicle?</i>
<br/>		</div>
<choiceInteraction maxChoices="1" responseIdentifier="RESPONSE" shuffle="false">
<simpleChoice identifier="ChoiceA">
<p id="11" label="Times New Roman">a topographical map showing the mountains and rivers of Britain</p>
</simpleChoice>
<simpleChoice identifier="ChoiceB">
<p id="11" label="Times New Roman">a diagram of a Roman aqueduct built during the reign of Julius Caesar</p>
</simpleChoice>
<simpleChoice identifier="ChoiceC">
<p id="11" label="Times New Roman">a historical map showing Roman routes and conquests in Britain under Julius Caesar</p>
</simpleChoice>
<simpleChoice identifier="ChoiceD">
<p id="11" label="Times New Roman">a bar graph showing the population of the cities of Britain in the time of Julius Caesar</p>
</simpleChoice>
</choiceInteraction>
</itemBody>
</assessmentItem>
