<?xml version="1.0" encoding="UTF-8" standalone="yes"?>
<assessmentItem adaptive="false" identifier="item" timeDependent="false" title="" xmlns="http://www.imsglobal.org/xsd/imsqti_v2p0">
<responseDeclaration cardinality="single" identifier="RESPONSE">
<correctResponse>
<value>D</value>
</correctResponse>
</responseDeclaration>
<itemBody id="mc" label="PHL_10_G12_BMT_1_Douglass.1.xml">
<div id="11" label="Times New Roman">Which statement most accurately paraphrases the last three sentences in the passage and best clarifies their essential message?</div>
<choiceInteraction maxChoices="1" responseIdentifier="RESPONSE" shuffle="false">
<simpleChoice identifier="ChoiceA">
<p id="11" label="Times New Roman">By placing wooden piles at the ford in the river, the Britons (Welsh) prevented further advances of the Romans and were able to escape to the woods. Julius Caesar, having conquered many British towns, then returned to Rome.</p>
</simpleChoice>
<simpleChoice identifier="ChoiceB">
<p id="11" label="Times New Roman">The Britons (Welsh), after using piles to prevent the Romans from crossing the river, were fast enough to escape to the woods. Julius Caesar, having conquered many British towns, then returned to Rome.</p>
</simpleChoice>
<simpleChoice identifier="ChoiceC">
<p id="11" label="Times New Roman">Because they could afford to use wooden piles in the river, the Britons (Welsh) outmaneuvered the Romans and hid in the woods until Julius Caesar, defeated at last, returned to Rome.</p>
</simpleChoice>
<simpleChoice identifier="ChoiceD">
<p id="11" label="Times New Roman">The Britons (Welsh) were not as smart as Julius Caesar, who knew enough not to cross a river filled with piles and instead concentrated on capturing many British towns before returning to Rome.</p>
</simpleChoice>
</choiceInteraction>
</itemBody>
</assessmentItem>
