<?xml version="1.0" encoding="UTF-8" standalone="yes"?>
<assessmentItem adaptive="false" identifier="item" timeDependent="false" title="" xmlns="http://www.imsglobal.org/xsd/imsqti_v2p0">
<responseDeclaration cardinality="single" identifier="RESPONSE">
<correctResponse>
<value>B</value>
</correctResponse>
</responseDeclaration>
<itemBody id="mc" label="PHL_10_G12_BMT_1_Vocabulary.xml">
<div id="11" label="Times New Roman">Which sentence below best combines these two sentences using a conjunction? Celia may be in the lead. Soon Mary will overtake her.</div>
<choiceInteraction maxChoices="1" responseIdentifier="RESPONSE" shuffle="false">
<simpleChoice identifier="ChoiceA">
<p id="11" label="Times New Roman">Celia may be in the lead, and soon Mary will overtake her.</p>
</simpleChoice>
<simpleChoice identifier="ChoiceB">
<p id="11" label="Times New Roman">Celia may be in the lead, but soon Mary will overtake her.</p>
</simpleChoice>
<simpleChoice identifier="ChoiceC">
<p id="11" label="Times New Roman">Celia may be in the lead, or soon Mary will overtake her.</p>
</simpleChoice>
<simpleChoice identifier="ChoiceD">
<p id="11" label="Times New Roman">Celia may be in the lead, for soon Mary will overtake her.</p>
</simpleChoice>
</choiceInteraction>
</itemBody>
</assessmentItem>
