<?xml version="1.0" encoding="UTF-8" standalone="yes"?>
<assessmentItem adaptive="false" identifier="item" timeDependent="false" title="" xmlns="http://www.imsglobal.org/xsd/imsqti_v2p0">
<responseDeclaration cardinality="single" identifier="RESPONSE">
<correctResponse>
<value>B</value>
</correctResponse>
</responseDeclaration>
<itemBody id="mc" label="PHL_10_G12_BMT_1_Literary.and.Reading.xml">
<div id="11" label="Times New Roman">Based on the passage, what would you say makes “The Husband’s Message” an elegy?</div>
<choiceInteraction maxChoices="1" responseIdentifier="RESPONSE" shuffle="false">
<simpleChoice identifier="ChoiceA">
<p id="11" label="Times New Roman">The husband mourns the death of his wife.</p>
</simpleChoice>
<simpleChoice identifier="ChoiceB">
<p id="11" label="Times New Roman">The husband mourns the absence of his wife.</p>
</simpleChoice>
<simpleChoice identifier="ChoiceC">
<p id="11" label="Times New Roman">The husband celebrates his new life in a new land.</p>
</simpleChoice>
<simpleChoice identifier="ChoiceD">
<p id="11" label="Times New Roman">The husband is angry that his wife cannot be with him.</p>
</simpleChoice>
</choiceInteraction>
</itemBody>
</assessmentItem>
