<?xml version="1.0" encoding="UTF-8" standalone="yes"?>
<assessmentItem adaptive="false" identifier="item" timeDependent="false" title="" xmlns="http://www.imsglobal.org/xsd/imsqti_v2p0">
<responseDeclaration cardinality="single" identifier="RESPONSE">
<correctResponse>
<value>A</value>
</correctResponse>
</responseDeclaration>
<itemBody id="mc" label="PHL_10_G12_BMT_1_Douglass.1.xml">
<div id="11" label="Times New Roman">Based on the passage, which of these stylistic effects helps <i>The Anglo-Saxon Chronicle </i>achieve its purpose?</div>
<choiceInteraction maxChoices="1" responseIdentifier="RESPONSE" shuffle="false">
<simpleChoice identifier="ChoiceA">
<p id="11" label="Times New Roman">Simple, direct language makes it seem like an accurate, believable history.</p>
</simpleChoice>
<simpleChoice identifier="ChoiceB">
<p id="11" label="Times New Roman">Flowery, poetic language makes it seem like a highly imaginative account.</p>
</simpleChoice>
<simpleChoice identifier="ChoiceC">
<p id="11" label="Times New Roman">An elevated academic vocabulary makes it seem like a scholarly work.</p>
</simpleChoice>
<simpleChoice identifier="ChoiceD">
<p id="11" label="Times New Roman">Emotionally charged language makes it seem like a persuasive essay.</p>
</simpleChoice>
</choiceInteraction>
</itemBody>
</assessmentItem>
