<?xml version="1.0" encoding="UTF-8" standalone="yes"?>
<assessmentItem adaptive="false" identifier="item" timeDependent="false" title="" xmlns="http://www.imsglobal.org/xsd/imsqti_v2p0">
<responseDeclaration cardinality="single" identifier="RESPONSE">
<correctResponse>
<value>Students should choose a custom or practice that was widespread in Anglo-Saxon times—warfare or invasion, for example. They should state their position clearly and provide sufficient facts, reasons, and/or examples that support it and demonstrate their understanding of early Anglo-Saxon life.</value>
</correctResponse>
</responseDeclaration>
<itemBody id="es">
<div id="11" label="Times New Roman">Imagine that the early Anglo-Saxons publish a newspaper for which you work. Write an editorial for the paper about a practice of early Anglo-Saxon society that you think should change. Present a reasoned argument with examples or other details to support your opinion.</div>
</itemBody>
</assessmentItem>
