<?xml version="1.0" encoding="UTF-8" standalone="yes"?>
<assessmentItem adaptive="false" identifier="item" timeDependent="false" title="" xmlns="http://www.imsglobal.org/xsd/imsqti_v2p0">
<responseDeclaration cardinality="single" identifier="RESPONSE">
<correctResponse>
<value>Students should show an understanding of business memos and early Anglo-Saxon times. They should write about a plausible product or service or a plausible practice relating to the sale of a product or the provision of a service. They might write a memo about selling a particular farm crop, doing ship repairs, or drumming up business for poetry recitals in mead-halls.</value>
</correctResponse>
</responseDeclaration>
<itemBody id="es">
<div id="11" label="Times New Roman">Imagine that you are the director of a company that provides services to the early Anglo- Saxons or you are the owner of a farm that provides them with products. In a business memo, discuss one of the products you sell, a service you provide, or a practice that is relevant to the sale of your product or service.</div>
</itemBody>
</assessmentItem>
