<?xml version="1.0" encoding="UTF-8" standalone="yes"?>
<assessmentItem adaptive="false" identifier="item" timeDependent="false" title="" xmlns="http://www.imsglobal.org/xsd/imsqti_v2p0">
<responseDeclaration cardinality="single" identifier="RESPONSE">
<correctResponse>
<value>C</value>
</correctResponse>
</responseDeclaration>
<itemBody id="mc" label="PHL_10_G12_BMT_1_Literary.and.Reading.xml">
<div id="11" label="Times New Roman">Which of these historical details about the early Anglo-Saxons is most useful in clarifyingthe passage from “The Husband’s Message”?</div>
<choiceInteraction maxChoices="1" responseIdentifier="RESPONSE" shuffle="false">
<simpleChoice identifier="ChoiceA">
<p id="11" label="Times New Roman">They believed strongly in the workings of fate, or <i>wyrd.</i>
<br/>			</p>
</simpleChoice>
<simpleChoice identifier="ChoiceB">
<p id="11" label="Times New Roman">They spoke a Germanic language now called Old English.</p>
</simpleChoice>
<simpleChoice identifier="ChoiceC">
<p id="11" label="Times New Roman">They were a seafaring people who often settled in new lands.</p>
</simpleChoice>
<simpleChoice identifier="ChoiceD">
<p id="11" label="Times New Roman">They converted to Christianity after settling in present-day England.</p>
</simpleChoice>
</choiceInteraction>
</itemBody>
</assessmentItem>
