<?xml version="1.0" encoding="UTF-8" standalone="yes"?>
<assessmentItem adaptive="false" identifier="item" timeDependent="false" title="" xmlns="http://www.imsglobal.org/xsd/imsqti_v2p0">
<responseDeclaration cardinality="single" identifier="RESPONSE">
<correctResponse>
<value>B</value>
</correctResponse>
</responseDeclaration>
<itemBody id="mc" label="PHL_10_G12_BMT_1_Douglass.2.xml">
<div id="11" label="Times New Roman">Based on your knowledge of the Latin root <i>-sol-</i>, choose the best paraphrase of this sentence. I tried to <i>console </i>Aunt Betty during her illness.</div>
<choiceInteraction maxChoices="1" responseIdentifier="RESPONSE" shuffle="false">
<simpleChoice identifier="ChoiceA">
<p id="11" label="Times New Roman">I tried to entertain Aunt Betty during her illness.</p>
</simpleChoice>
<simpleChoice identifier="ChoiceB">
<p id="11" label="Times New Roman">I tried to comfort Aunt Betty during her illness.</p>
</simpleChoice>
<simpleChoice identifier="ChoiceC">
<p id="11" label="Times New Roman">I tried to cure Aunt Betty during her illness.</p>
</simpleChoice>
<simpleChoice identifier="ChoiceD">
<p id="11" label="Times New Roman">I tried to visit Aunt Betty during her illness.</p>
</simpleChoice>
</choiceInteraction>
</itemBody>
</assessmentItem>
