<?xml version="1.0" encoding="UTF-8" standalone="yes"?>
<assessmentItem adaptive="false" identifier="item" timeDependent="false" title="" xmlns="http://www.imsglobal.org/xsd/imsqti_v2p0">
<responseDeclaration cardinality="single" identifier="RESPONSE">
<correctResponse>
<value>B</value>
</correctResponse>
</responseDeclaration>
<itemBody id="mc" label="PHL_10_G12_BMT_1_Eliot.1.xml">
<div id="11" label="Times New Roman">Which statement accurately paraphrases the first sentence of the passage from <i>Beowulf </i>and most clearly illuminates its main idea?</div>
<choiceInteraction maxChoices="1" responseIdentifier="RESPONSE" shuffle="false">
<simpleChoice identifier="ChoiceA">
<p id="11" label="Times New Roman">People have told me what happened on the morning after the battle with Grendel.</p>
</simpleChoice>
<simpleChoice identifier="ChoiceB">
<p id="11" label="Times New Roman">We are filled with wonder at the feats of warriors who are leaders of their folk.</p>
</simpleChoice>
<simpleChoice identifier="ChoiceC">
<p id="11" label="Times New Roman">Warriors came from all over to view with wonder the evidence of Grendel’s death.</p>
</simpleChoice>
<simpleChoice identifier="ChoiceD">
<p id="11" label="Times New Roman">The warriors who fought the traitor Grendel came from far and near.</p>
</simpleChoice>
</choiceInteraction>
</itemBody>
</assessmentItem>
