<?xml version="1.0" encoding="UTF-8" standalone="yes"?>
<assessmentItem adaptive="false" identifier="item" timeDependent="false" title="" xmlns="http://www.imsglobal.org/xsd/imsqti_v2p0">
<responseDeclaration cardinality="single" identifier="RESPONSE">
<correctResponse>
<value>A</value>
</correctResponse>
</responseDeclaration>
<itemBody id="mc" label="PHL_10_G12_BMT_1_Literary.and.Reading.xml">
<div id="11" label="Times New Roman">The early Anglo-Saxons used a system of writing known as the runic alphabet, sometimes carving messages in wood. What aspect of the passage does this historical context help explain?</div>
<choiceInteraction maxChoices="1" responseIdentifier="RESPONSE" shuffle="false">
<simpleChoice identifier="ChoiceA">
<p id="11" label="Times New Roman">the husband’s ability to send a letter</p>
</simpleChoice>
<simpleChoice identifier="ChoiceB">
<p id="11" label="Times New Roman">the husband’s success in his new location</p>
</simpleChoice>
<simpleChoice identifier="ChoiceC">
<p id="11" label="Times New Roman">the wife’s need to have someone read the letter to her</p>
</simpleChoice>
<simpleChoice identifier="ChoiceD">
<p id="11" label="Times New Roman">the wife’s inability to receive the letter directly from her husband</p>
</simpleChoice>
</choiceInteraction>
</itemBody>
</assessmentItem>
