<?xml version="1.0" encoding="UTF-8" standalone="yes"?>
<assessmentItem adaptive="false" identifier="item" timeDependent="false" title="" xmlns="http://www.imsglobal.org/xsd/imsqti_v2p0">
<responseDeclaration cardinality="single" identifier="RESPONSE">
<correctResponse>
<value>A</value>
</correctResponse>
</responseDeclaration>
<itemBody id="mc" label="PHL_10_G12_BMT_1_Douglass.1.xml">
<div id="11" label="Times New Roman">Which detail relating to the historical context is most useful in understanding the passage?</div>
<choiceInteraction maxChoices="1" responseIdentifier="RESPONSE" shuffle="false">
<simpleChoice identifier="ChoiceA">
<p id="11" label="Times New Roman">Julius Caesar traveled to Britain in about 55 B.C.</p>
</simpleChoice>
<simpleChoice identifier="ChoiceB">
<p id="11" label="Times New Roman">The Romans often used warships propelled by slave rowers.</p>
</simpleChoice>
<simpleChoice identifier="ChoiceC">
<p id="11" label="Times New Roman">Julius Caesar would later be assassinated by senators in Rome.</p>
</simpleChoice>
<simpleChoice identifier="ChoiceD">
<p id="11" label="Times New Roman">Troops on horseback crossed rivers in shallow places known as fords.</p>
</simpleChoice>
</choiceInteraction>
</itemBody>
</assessmentItem>
