<?xml version="1.0" encoding="UTF-8" standalone="yes"?>
<assessmentItem adaptive="false" identifier="item" timeDependent="false" title="" xmlns="http://www.imsglobal.org/xsd/imsqti_v2p0">
<responseDeclaration cardinality="single" identifier="RESPONSE">
<correctResponse>
<value>B</value>
</correctResponse>
</responseDeclaration>
<itemBody id="mc" label="PHL_10_G12_BMT_1_Douglass.1.xml">
<div id="11" label="Times New Roman">
<br/>			<i>The Anglo-Saxon Chronicle </i>includes both eyewitness accounts and accounts of events written long after they happened. How might an eyewitness account of an event differ from an account of the same event written years later?</div>
<choiceInteraction maxChoices="1" responseIdentifier="RESPONSE" shuffle="false">
<simpleChoice identifier="ChoiceA">
<p id="11" label="Times New Roman">It would tend to be less interesting to modern readers.</p>
</simpleChoice>
<simpleChoice identifier="ChoiceB">
<p id="11" label="Times New Roman">It would tend to be more detailed, immediate, and exciting.</p>
</simpleChoice>
<simpleChoice identifier="ChoiceC">
<p id="11" label="Times New Roman">It would be mostly objective, showing all sides of the issues and situations.</p>
</simpleChoice>
<simpleChoice identifier="ChoiceD">
<p id="11" label="Times New Roman">It would not be as accurate because it would lack support from historic documents.</p>
</simpleChoice>
</choiceInteraction>
</itemBody>
</assessmentItem>
