<?xml version="1.0" encoding="UTF-8" standalone="yes"?>
<assessmentItem xmlns="http://www.imsglobal.org/xsd/imsqti_v2p0" adaptive="false" identifier="id" timeDependent="false" title="iupo">
    <responseDeclaration cardinality="single" identifier="RESPONSE">
        <correctResponse>
            <value>C</value>
        </correctResponse>
        <mapping defaultValue="0.0">
            <mapEntry mapKey="TBD" mappedValue="1.0"/>
        </mapping>
    </responseDeclaration>
    <itemBody class1="" id="mc">
        <p class1="" id="11" label="Times New Roman">
            <span class1="" id="16">Theo has toy bears, alligators, and turtles.
How many ways can he select 2 toys?
</span>
            <span class1="" id="16">Use the table to count the ways.
</span>
            <table class1="" id="1">
                <tbody class1="">
                    <tr class1="">
                        <td class1="" headers="">
                            <img alt="Look at text image." class1="" height="71" src="/temp-images/testitems/92792/itemimages/1799823765_10_1.png" width="75"/>
                        </td>
                        <td class1="" headers="">
                            <img alt="Look at text image." class1="" height="67" src="/temp-images/testitems/92792/itemimages/1799823765_10_2.png" width="79"/>
                        </td>
                        <td class1="" headers="">
                            <img alt="Look at text image." class1="" height="67" src="/temp-images/testitems/92792/itemimages/1799823765_10_3.png" width="79"/>
                        </td>
                    </tr>
                    <tr class1="">
                        <td class1="" headers="">2</td>
                        <td class1="" headers="">0</td>
                        <td class1="" headers="">0</td>
                    </tr>
                    <tr class1="">
                        <td class1="" headers="">
                            <img alt="Look at text image." class1="" height="14" src="/temp-images/testitems/92792/itemimages/1799823765_10_4.png" width="47"/>
                        </td>
                        <td class1="" headers="">
                            <img alt="Look at text image." class1="" height="14" src="/temp-images/testitems/92792/itemimages/1799823765_10_5.png" width="47"/>
                        </td>
                        <td class1="" headers="">
                            <img alt="Look at text image." class1="" height="14" src="/temp-images/testitems/92792/itemimages/1799823765_10_6.png" width="47"/>
                        </td>
                    </tr>
                    <tr class1="">
                        <td class1="" headers="">
                            <img alt="Look at text image." class1="" height="14" src="/temp-images/testitems/92792/itemimages/1799823765_10_7.png" width="47"/>
                        </td>
                        <td class1="" headers="">
                            <img alt="Look at text image." class1="" height="14" src="/temp-images/testitems/92792/itemimages/1799823765_10_8.png" width="47"/>
                        </td>
                        <td class1="" headers="">
                            <img alt="Look at text image." class1="" height="14" src="/temp-images/testitems/92792/itemimages/1799823765_10_9.png" width="47"/>
                        </td>
                    </tr>
                    <tr class1="">
                        <td class1="" headers="">
                            <img alt="Look at text image." class1="" height="14" src="/temp-images/testitems/92792/itemimages/1799823765_10_10.png" width="47"/>
                        </td>
                        <td class1="" headers="">
                            <img alt="Look at text image." class1="" height="14" src="/temp-images/testitems/92792/itemimages/1799823765_10_11.png" width="47"/>
                        </td>
                        <td class1="" headers="">
                            <img alt="Look at text image." class1="" height="14" src="/temp-images/testitems/92792/itemimages/1799823765_10_12.png" width="47"/>
                        </td>
                    </tr>
                    <tr class1="">
                        <td class1="" headers="">
                            <img alt="Look at text image." class1="" height="14" src="/temp-images/testitems/92792/itemimages/1799823765_10_13.png" width="47"/>
                        </td>
                        <td class1="" headers="">
                            <img alt="Look at text image." class1="" height="14" src="/temp-images/testitems/92792/itemimages/1799823765_10_14.png" width="47"/>
                        </td>
                        <td class1="" headers="">
                            <img alt="Look at text image." class1="" height="14" src="/temp-images/testitems/92792/itemimages/1799823765_10_15.png" width="47"/>
                        </td>
                    </tr>
                    <tr class1="">
                        <td class1="" headers="">
                            <img alt="Look at text image." class1="" height="14" src="/temp-images/testitems/92792/itemimages/1799823765_10_16.png" width="47"/>
                        </td>
                        <td class1="" headers="">
                            <img alt="Look at text image." class1="" height="14" src="/temp-images/testitems/92792/itemimages/1799823765_10_17.png" width="47"/>
                        </td>
                        <td class1="" headers="">
                            <img alt="Look at text image." class1="" height="14" src="/temp-images/testitems/92792/itemimages/1799823765_10_18.png" width="47"/>
                        </td>
                    </tr>
                    <tr class1="">
                        <td class1="" headers="">
                            <img alt="Look at text image." class1="" height="14" src="/temp-images/testitems/92792/itemimages/1799823765_10_19.png" width="47"/>
                        </td>
                        <td class1="" headers="">
                            <img alt="Look at text image." class1="" height="14" src="/temp-images/testitems/92792/itemimages/1799823765_10_20.png" width="47"/>
                        </td>
                        <td class1="" headers="">
                            <img alt="Look at text image." class1="" height="14" src="/temp-images/testitems/92792/itemimages/1799823765_10_21.png" width="47"/>
                        </td>
                    </tr>
                    <tr class1="">
                        <td class1="" headers="">
                            <img alt="Look at text image." class1="" height="14" src="/temp-images/testitems/92792/itemimages/1799823765_10_22.png" width="47"/>
                        </td>
                        <td class1="" headers="">
                            <img alt="Look at text image." class1="" height="14" src="/temp-images/testitems/92792/itemimages/1799823765_10_23.png" width="47"/>
                        </td>
                        <td class1="" headers="">
                            <img alt="Look at text image." class1="" height="14" src="/temp-images/testitems/92792/itemimages/1799823765_10_24.png" width="47"/>
                        </td>
                    </tr>
                </tbody>
            </table>
        </p>
        <choiceInteraction class1="" maxChoices="1" responseIdentifier="RESPONSE" shuffle="false">
            <simpleChoice class1="" identifier="ChoiceA">
                <p class1="" id="11" label="Times New Roman">
                    <span class1="" id="16">2 ways</span>
                </p>
            </simpleChoice>
            <simpleChoice class1="" identifier="ChoiceB">
                <p class1="" id="11" label="Times New Roman">
                    <span class1="" id="16">5 ways</span>
                </p>
            </simpleChoice>
            <simpleChoice class1="" identifier="ChoiceC">
                <p class1="" id="11" label="Times New Roman">
                    <span class1="" id="16">6 ways</span>
                </p>
            </simpleChoice>
            <simpleChoice class1="" identifier="ChoiceD">
                <p class1="" id="11" label="Times New Roman">
                    <span class1="" id="16">8 ways</span>
                </p>
            </simpleChoice>
        </choiceInteraction>
    </itemBody>
</assessmentItem>
