<?xml version="1.0" encoding="UTF-8" standalone="yes"?>
<assessmentItem xmlns="http://www.imsglobal.org/xsd/imsqti_v2p0" adaptive="false" identifier="id" timeDependent="false" title="iupo">
    <responseDeclaration cardinality="single" identifier="RESPONSE">
        <correctResponse>
            <value>D</value>
        </correctResponse>
        <mapping defaultValue="0.0">
            <mapEntry mapKey="TBD" mappedValue="1.0"/>
        </mapping>
    </responseDeclaration>
    <itemBody class1="" id="mc">
        <p class1="" id="11" label="Times New Roman">
            <span class1="" id="16">Carol has 8 strawberries.
She picks 9 more strawberries.
</span>
            <span class1="" id="16">How many strawberries does Carol have in all?
</span>
            <table class1="" id="1">
                <tbody class1="">
                    <tr class1="">
                        <td class1="" headers="">
                            <img alt="Look at text image." class1="" height="40" src="/temp-images/testitems/92792/itemimages/1799823765_19_1.png" width="42"/>
                        </td>
                        <td class1="" headers="">
                            <img alt="Look at text image." class1="" height="40" src="/temp-images/testitems/92792/itemimages/1799823765_19_2.png" width="42"/>
                        </td>
                        <td class1="" headers="">
                            <img alt="Look at text image." class1="" height="40" src="/temp-images/testitems/92792/itemimages/1799823765_19_3.png" width="42"/>
                        </td>
                        <td class1="" headers="">
                            <img alt="Look at text image." class1="" height="40" src="/temp-images/testitems/92792/itemimages/1799823765_19_4.png" width="42"/>
                        </td>
                        <td class1="" headers="">
                            <img alt="Look at text image." class1="" height="40" src="/temp-images/testitems/92792/itemimages/1799823765_19_5.png" width="42"/>
                        </td>
                    </tr>
                    <tr class1="">
                        <td class1="" headers="">
                            <img alt="Look at text image." class1="" height="40" src="/temp-images/testitems/92792/itemimages/1799823765_19_6.png" width="42"/>
                        </td>
                        <td class1="" headers="">
                            <img alt="Look at text image." class1="" height="40" src="/temp-images/testitems/92792/itemimages/1799823765_19_7.png" width="42"/>
                        </td>
                        <td class1="" headers="">
                            <img alt="Look at text image." class1="" height="40" src="/temp-images/testitems/92792/itemimages/1799823765_19_8.png" width="42"/>
                        </td>
                    </tr>
                    <tr class1="">
                        <td class1="" headers="">
                            <img alt="Look at text image." class1="" height="40" src="/temp-images/testitems/92792/itemimages/1799823765_19_9.png" width="42"/>
                        </td>
                        <td class1="" headers="">
                            <img alt="Look at text image." class1="" height="40" src="/temp-images/testitems/92792/itemimages/1799823765_19_10.png" width="42"/>
                        </td>
                        <td class1="" headers="">
                            <img alt="Look at text image." class1="" height="40" src="/temp-images/testitems/92792/itemimages/1799823765_19_11.png" width="42"/>
                        </td>
                        <td class1="" headers="">
                            <img alt="Look at text image." class1="" height="40" src="/temp-images/testitems/92792/itemimages/1799823765_19_12.png" width="42"/>
                        </td>
                        <td class1="" headers="">
                            <img alt="Look at text image." class1="" height="40" src="/temp-images/testitems/92792/itemimages/1799823765_19_13.png" width="42"/>
                        </td>
                    </tr>
                    <tr class1="">
                        <td class1="" headers="">
                            <img alt="Look at text image." class1="" height="40" src="/temp-images/testitems/92792/itemimages/1799823765_19_14.png" width="42"/>
                        </td>
                        <td class1="" headers="">
                            <img alt="Look at text image." class1="" height="40" src="/temp-images/testitems/92792/itemimages/1799823765_19_15.png" width="42"/>
                        </td>
                        <td class1="" headers="">
                            <img alt="Look at text image." class1="" height="40" src="/temp-images/testitems/92792/itemimages/1799823765_19_16.png" width="42"/>
                        </td>
                        <td class1="" headers="">
                            <img alt="Look at text image." class1="" height="40" src="/temp-images/testitems/92792/itemimages/1799823765_19_17.png" width="42"/>
                        </td>
                    </tr>
                </tbody>
            </table>
        </p>
        <choiceInteraction class1="" maxChoices="1" responseIdentifier="RESPONSE" shuffle="false">
            <simpleChoice class1="" identifier="ChoiceA">
                <p class1="" id="11" label="Times New Roman">
                    <span class1="" id="16">9</span>
                </p>
            </simpleChoice>
            <simpleChoice class1="" identifier="ChoiceB">
                <p class1="" id="11" label="Times New Roman">
                    <span class1="" id="16">12</span>
                </p>
            </simpleChoice>
            <simpleChoice class1="" identifier="ChoiceC">
                <p class1="" id="11" label="Times New Roman">
                    <span class1="" id="16">15</span>
                </p>
            </simpleChoice>
            <simpleChoice class1="" identifier="ChoiceD">
                <p class1="" id="11" label="Times New Roman">
                    <span class1="" id="16">17</span>
                </p>
            </simpleChoice>
        </choiceInteraction>
    </itemBody>
</assessmentItem>
