<?xml version="1.0" encoding="UTF-8" standalone="yes"?>
<assessmentItem xmlns="http://www.imsglobal.org/xsd/imsqti_v2p0" adaptive="false" identifier="id" timeDependent="false" title="iupo">
    <responseDeclaration cardinality="single" identifier="RESPONSE">
        <correctResponse>
            <value>D</value>
        </correctResponse>
        <mapping defaultValue="0.0">
            <mapEntry mapKey="TBD" mappedValue="1.0"/>
        </mapping>
    </responseDeclaration>
    <itemBody class1="" id="mc">
        <p class1="" id="11" label="Times New Roman">
            <span class1="" id="16">Which has the same sum as 9 + 8?
</span>
            <table class1="" id="1">
                <tbody class1="">
                    <tr class1="">
                        <td class1="" headers="">
                            <img alt="Look at text image." class1="" height="21" src="/temp-images/testitems/92792/itemimages/1799823765_41_1.png" width="25"/>
                        </td>
                        <td class1="" headers="">
                            <img alt="Look at text image." class1="" height="21" src="/temp-images/testitems/92792/itemimages/1799823765_41_2.png" width="25"/>
                        </td>
                        <td class1="" headers="">
                            <img alt="Look at text image." class1="" height="21" src="/temp-images/testitems/92792/itemimages/1799823765_41_3.png" width="25"/>
                        </td>
                        <td class1="" headers="">
                            <img alt="Look at text image." class1="" height="21" src="/temp-images/testitems/92792/itemimages/1799823765_41_4.png" width="25"/>
                        </td>
                        <td class1="" headers="">
                            <img alt="Look at text image." class1="" height="21" src="/temp-images/testitems/92792/itemimages/1799823765_41_5.png" width="25"/>
                        </td>
                    </tr>
                    <tr class1="">
                        <td class1="" headers="">
                            <img alt="Look at text image." class1="" height="21" src="/temp-images/testitems/92792/itemimages/1799823765_41_6.png" width="25"/>
                        </td>
                        <td class1="" headers="">
                            <img alt="Look at text image." class1="" height="21" src="/temp-images/testitems/92792/itemimages/1799823765_41_7.png" width="25"/>
                        </td>
                        <td class1="" headers="">
                            <img alt="Look at text image." class1="" height="21" src="/temp-images/testitems/92792/itemimages/1799823765_41_8.png" width="25"/>
                        </td>
                        <td class1="" headers="">
                            <img alt="Look at text image." class1="" height="21" src="/temp-images/testitems/92792/itemimages/1799823765_41_9.png" width="25"/>
                        </td>
                        <td class1="" headers="">
                            <img alt="Look at text image." class1="" height="23" src="/temp-images/testitems/92792/itemimages/1799823765_41_10.png" width="22"/>
                        </td>
                    </tr>
                    <tr class1="">
                        <td class1="" headers="">
                            <img alt="Look at text image." class1="" height="23" src="/temp-images/testitems/92792/itemimages/1799823765_41_11.png" width="22"/>
                        </td>
                        <td class1="" headers="">
                            <img alt="Look at text image." class1="" height="23" src="/temp-images/testitems/92792/itemimages/1799823765_41_12.png" width="22"/>
                        </td>
                        <td class1="" headers="">
                            <img alt="Look at text image." class1="" height="23" src="/temp-images/testitems/92792/itemimages/1799823765_41_13.png" width="22"/>
                        </td>
                        <td class1="" headers="">
                            <img alt="Look at text image." class1="" height="23" src="/temp-images/testitems/92792/itemimages/1799823765_41_14.png" width="22"/>
                        </td>
                        <td class1="" headers="">
                            <img alt="Look at text image." class1="" height="23" src="/temp-images/testitems/92792/itemimages/1799823765_41_15.png" width="22"/>
                        </td>
                    </tr>
                    <tr class1="">
                        <td class1="" headers="">
                            <img alt="Look at text image." class1="" height="23" src="/temp-images/testitems/92792/itemimages/1799823765_41_16.png" width="22"/>
                        </td>
                        <td class1="" headers="">
                            <img alt="Look at text image." class1="" height="23" src="/temp-images/testitems/92792/itemimages/1799823765_41_17.png" width="22"/>
                        </td>
                        <td class1="" headers="">
                            <img alt="Look at text image." class1="" height="24" src="/temp-images/testitems/92792/itemimages/1799823765_41_18.png" width="24"/>
                        </td>
                        <td class1="" headers="">
                            <img alt="Look at text image." class1="" height="24" src="/temp-images/testitems/92792/itemimages/1799823765_41_19.png" width="24"/>
                        </td>
                        <td class1="" headers="">
                            <img alt="Look at text image." class1="" height="24" src="/temp-images/testitems/92792/itemimages/1799823765_41_20.png" width="24"/>
                        </td>
                    </tr>
                </tbody>
            </table>
        </p>
        <choiceInteraction class1="" maxChoices="1" responseIdentifier="RESPONSE" shuffle="false">
            <simpleChoice class1="" identifier="ChoiceA">
                <p class1="" id="11" label="Times New Roman">
                    <span class1="" id="16">10 + 8</span>
                </p>
            </simpleChoice>
            <simpleChoice class1="" identifier="ChoiceB">
                <p class1="" id="11" label="Times New Roman">
                    <span class1="" id="16">8 + 8</span>
                </p>
            </simpleChoice>
            <simpleChoice class1="" identifier="ChoiceC">
                <p class1="" id="11" label="Times New Roman">
                    <span class1="" id="16">10 + 0</span>
                </p>
            </simpleChoice>
            <simpleChoice class1="" identifier="ChoiceD">
                <p class1="" id="11" label="Times New Roman">
                    <span class1="" id="16">10 + 7</span>
                </p>
            </simpleChoice>
        </choiceInteraction>
    </itemBody>
</assessmentItem>
