<?xml version="1.0" encoding="UTF-8" standalone="yes"?>
<assessmentItem xmlns="http://www.imsglobal.org/xsd/imsqti_v2p0" adaptive="false" identifier="id" timeDependent="false" title="iupo">
    <responseDeclaration cardinality="single" identifier="RESPONSE">
        <correctResponse>
            <value>B</value>
        </correctResponse>
        <mapping defaultValue="0.0">
            <mapEntry mapKey="TBD" mappedValue="1.0"/>
        </mapping>
    </responseDeclaration>
    <itemBody class1="" id="mc">
        <p class1="" id="11" label="Times New Roman">
            <table class1="" id="1">
                <tbody class1="">
                    <tr class1="">
                        <td class1="" headers="">Pete had 13 books.
He gave away 7 of them.
How many books does Pete have left?</td>
                        <td class1="" headers="">
                            <img alt="Look at text image." class1="" height="89" src="/temp-images/testitems/92792/itemimages/1799823765_45_1.png" width="85"/>
                        </td>
                    </tr>
                </tbody>
            </table>
            <span class1="" id="16">

</span>
            <span class1="" id="16">7 + _____ = 13, so 13 – 7 = _____</span>
        </p>
        <choiceInteraction class1="" maxChoices="1" responseIdentifier="RESPONSE" shuffle="false">
            <simpleChoice class1="" identifier="ChoiceA">
                <p class1="" id="11" label="Times New Roman">
                    <span class1="" id="16">7 books</span>
                </p>
            </simpleChoice>
            <simpleChoice class1="" identifier="ChoiceB">
                <p class1="" id="11" label="Times New Roman">
                    <span class1="" id="16">6 books</span>
                </p>
            </simpleChoice>
            <simpleChoice class1="" identifier="ChoiceC">
                <p class1="" id="11" label="Times New Roman">
                    <span class1="" id="16">5 books</span>
                </p>
            </simpleChoice>
            <simpleChoice class1="" identifier="ChoiceD">
                <p class1="" id="11" label="Times New Roman">
                    <span class1="" id="16">4 books</span>
                </p>
            </simpleChoice>
        </choiceInteraction>
    </itemBody>
</assessmentItem>
