<?xml version="1.0" encoding="UTF-8" standalone="yes"?>
<assessmentItem xmlns="http://www.imsglobal.org/xsd/imsqti_v2p0" adaptive="false" identifier="id" timeDependent="false" title="iupo">
    <responseDeclaration cardinality="single" identifier="RESPONSE">
        <correctResponse>
            <value>A</value>
        </correctResponse>
        <mapping defaultValue="0.0">
            <mapEntry mapKey="TBD" mappedValue="1.0"/>
        </mapping>
    </responseDeclaration>
    <itemBody class1="" id="mc">
        <p class1="" id="11" label="Times New Roman">
            <span class1="" id="16">A fruit stand had 13 apples.
</span>
            <span class1="" id="16">9 of the apples were sold.
</span>
            <table class1="" id="1">
                <tbody class1="">
                    <tr class1="">
                        <td class1="" headers="">
                            <img alt="Look at text image." class1="" height="65" src="/temp-images/testitems/92792/itemimages/1799823765_56_1.png" width="65"/>
                        </td>
                        <td class1="" headers="">
                            <img alt="Look at text image." class1="" height="65" src="/temp-images/testitems/92792/itemimages/1799823765_56_2.png" width="65"/>
                        </td>
                        <td class1="" headers="">
                            <img alt="Look at text image." class1="" height="65" src="/temp-images/testitems/92792/itemimages/1799823765_56_3.png" width="65"/>
                        </td>
                        <td class1="" headers="">
                            <img alt="Look at text image." class1="" height="65" src="/temp-images/testitems/92792/itemimages/1799823765_56_4.png" width="65"/>
                        </td>
                        <td class1="" headers="">
                            <img alt="Look at text image." class1="" height="65" src="/temp-images/testitems/92792/itemimages/1799823765_56_5.png" width="65"/>
                        </td>
                    </tr>
                    <tr class1="">
                        <td class1="" headers="">
                            <img alt="Look at text image." class1="" height="65" src="/temp-images/testitems/92792/itemimages/1799823765_56_6.png" width="65"/>
                        </td>
                        <td class1="" headers="">
                            <img alt="Look at text image." class1="" height="65" src="/temp-images/testitems/92792/itemimages/1799823765_56_7.png" width="65"/>
                        </td>
                        <td class1="" headers="">
                            <img alt="Look at text image." class1="" height="65" src="/temp-images/testitems/92792/itemimages/1799823765_56_8.png" width="65"/>
                        </td>
                        <td class1="" headers="">
                            <img alt="Look at text image." class1="" height="65" src="/temp-images/testitems/92792/itemimages/1799823765_56_9.png" width="65"/>
                        </td>
                        <td class1="" headers="">
                            <img alt="Look at text image." class1="" height="66" src="/temp-images/testitems/92792/itemimages/1799823765_56_10.png" width="60"/>
                        </td>
                    </tr>
                    <tr class1="">
                        <td class1="" headers="">
                            <img alt="Look at text image." class1="" height="66" src="/temp-images/testitems/92792/itemimages/1799823765_56_11.png" width="60"/>
                        </td>
                        <td class1="" headers="">
                            <img alt="Look at text image." class1="" height="66" src="/temp-images/testitems/92792/itemimages/1799823765_56_12.png" width="60"/>
                        </td>
                        <td class1="" headers="">
                            <img alt="Look at text image." class1="" height="66" src="/temp-images/testitems/92792/itemimages/1799823765_56_13.png" width="60"/>
                        </td>
                    </tr>
                    <tr class1=""/>
                </tbody>
            </table>
            <span class1="" id="16">How many apples were left?
</span>
            <table class1="" id="1">
                <tbody class1="">
                    <tr class1="">
                        <td class1="" headers="">
                            <img alt="Look at text image." class1="" height="78" src="/temp-images/testitems/92792/itemimages/1799823765_56_14.png" width="44"/>
                        </td>
                        <td class1="" headers="">
                            <img alt="Look at text image." class1="" height="81" src="/temp-images/testitems/92792/itemimages/1799823765_56_15.png" width="37"/>
                        </td>
                        <td class1="" headers="">
                            <img alt="Look at text image." class1="" height="52" src="/temp-images/testitems/92792/itemimages/1799823765_56_16.png" width="32"/>
                        </td>
                    </tr>
                </tbody>
            </table>
        </p>
        <choiceInteraction class1="" maxChoices="1" responseIdentifier="RESPONSE" shuffle="false">
            <simpleChoice class1="" identifier="ChoiceA">
                <p class1="" id="11" label="Times New Roman">
                    <span class1="" id="16">4</span>
                </p>
            </simpleChoice>
            <simpleChoice class1="" identifier="ChoiceB">
                <p class1="" id="11" label="Times New Roman">
                    <span class1="" id="16">5</span>
                </p>
            </simpleChoice>
            <simpleChoice class1="" identifier="ChoiceC">
                <p class1="" id="11" label="Times New Roman">
                    <span class1="" id="16">6</span>
                </p>
            </simpleChoice>
            <simpleChoice class1="" identifier="ChoiceD">
                <p class1="" id="11" label="Times New Roman">
                    <span class1="" id="16">7</span>
                </p>
            </simpleChoice>
        </choiceInteraction>
    </itemBody>
</assessmentItem>
