<?xml version="1.0" encoding="UTF-8" standalone="yes"?>
<assessmentItem xmlns="http://www.imsglobal.org/xsd/imsqti_v2p0" adaptive="false" identifier="id" timeDependent="false" title="iupo">
    <responseDeclaration cardinality="single" identifier="RESPONSE">
        <correctResponse>
            <value>B</value>
        </correctResponse>
        <mapping defaultValue="0.0">
            <mapEntry mapKey="TBD" mappedValue="1.0"/>
        </mapping>
    </responseDeclaration>
    <itemBody class1="" id="mc">
        <p class1="" id="11" label="Times New Roman">
            <span class1="" id="16">Kim has pennies, nickels, and dimes.
She wants to put 3 coins in a piggy bank.
To count the ways, she makes the table.
</span>
            <span class1="" id="16">What is the missing value in the table?
</span>
            <table class1="" id="1">
                <tbody class1="">
                    <tr class1="">
                        <td class1="" headers="">
                            <img alt="Look at text image." class1="" height="49" src="/temp-images/testitems/92792/itemimages/1799823765_50_1.png" width="51"/>
                        </td>
                        <td class1="" headers="">
                            <img alt="Look at text image." class1="" height="56" src="/temp-images/testitems/92792/itemimages/1799823765_50_2.png" width="65"/>
                        </td>
                        <td class1="" headers="">
                            <img alt="Look at text image." class1="" height="48" src="/temp-images/testitems/92792/itemimages/1799823765_50_3.png" width="55"/>
                        </td>
                    </tr>
                    <tr class1="">
                        <td class1="" headers="">Pennies</td>
                        <td class1="" headers="">Nickels</td>
                        <td class1="" headers="">Dimes</td>
                    </tr>
                    <tr class1="">
                        <td class1="" headers="">3</td>
                        <td class1="" headers="">0</td>
                        <td class1="" headers="">0</td>
                    </tr>
                    <tr class1="">
                        <td class1="" headers="">0</td>
                        <td class1="" headers="">3</td>
                        <td class1="" headers="">0</td>
                    </tr>
                    <tr class1="">
                        <td class1="" headers="">0</td>
                        <td class1="" headers="">0</td>
                        <td class1="" headers="">3</td>
                    </tr>
                    <tr class1="">
                        <td class1="" headers="">2</td>
                        <td class1="" headers="">1</td>
                        <td class1="" headers="">0</td>
                    </tr>
                    <tr class1="">
                        <td class1="" headers="">2</td>
                        <td class1="" headers="">0</td>
                        <td class1="" headers="">1</td>
                    </tr>
                    <tr class1="">
                        <td class1="" headers="">1</td>
                        <td class1="" headers="">2</td>
                        <td class1="" headers="">0</td>
                    </tr>
                    <tr class1="">
                        <td class1="" headers="">0</td>
                        <td class1="" headers="">2</td>
                        <td class1="" headers="">1</td>
                    </tr>
                    <tr class1="">
                        <td class1="" headers="">1</td>
                        <td class1="" headers="">0</td>
                        <td class1="" headers="">2</td>
                    </tr>
                    <tr class1="">
                        <td class1="" headers="">0</td>
                        <td class1="" headers="">
                            <img alt="Look at text image." class1="" height="24" src="/temp-images/testitems/92792/itemimages/1799823765_50_4.png" width="24"/>
                        </td>
                        <td class1="" headers="">2</td>
                    </tr>
                    <tr class1="">
                        <td class1="" headers="">1</td>
                        <td class1="" headers="">1</td>
                        <td class1="" headers="">1</td>
                    </tr>
                </tbody>
            </table>
        </p>
        <choiceInteraction class1="" maxChoices="1" responseIdentifier="RESPONSE" shuffle="false">
            <simpleChoice class1="" identifier="ChoiceA">
                <p class1="" id="11" label="Times New Roman">
                    <span class1="" id="16">0</span>
                </p>
            </simpleChoice>
            <simpleChoice class1="" identifier="ChoiceB">
                <p class1="" id="11" label="Times New Roman">
                    <span class1="" id="16">1</span>
                </p>
            </simpleChoice>
            <simpleChoice class1="" identifier="ChoiceC">
                <p class1="" id="11" label="Times New Roman">
                    <span class1="" id="16">2</span>
                </p>
            </simpleChoice>
            <simpleChoice class1="" identifier="ChoiceD">
                <p class1="" id="11" label="Times New Roman">
                    <span class1="" id="16">3</span>
                </p>
            </simpleChoice>
        </choiceInteraction>
    </itemBody>
</assessmentItem>
