<?xml version="1.0" encoding="UTF-8" standalone="yes"?>
<assessmentItem xmlns="http://www.imsglobal.org/xsd/imsqti_v2p0" adaptive="false" identifier="id" timeDependent="false" title="iupo">
    <responseDeclaration cardinality="single" identifier="RESPONSE">
        <correctResponse>
            <value>C</value>
        </correctResponse>
        <mapping defaultValue="0.0">
            <mapEntry mapKey="TBD" mappedValue="1.0"/>
        </mapping>
    </responseDeclaration>
    <itemBody class1="" id="mc">
        <p class1="" id="11" label="Times New Roman">
            <span class1="" id="16">18 frogs were in a pond.
8 frogs were on a lilypad.
</span>
            <span class1="" id="16">How many frogs were still swimming in the pond?
</span>
            <table class1="" id="1">
                <tbody class1="">
                    <tr class1="">
                        <td class1="" headers="">
                            <img alt="Look at text image." class1="" height="40" src="/temp-images/testitems/92792/itemimages/1799823765_34_1.png" width="41"/>
                        </td>
                        <td class1="" headers="">
                            <img alt="Look at text image." class1="" height="40" src="/temp-images/testitems/92792/itemimages/1799823765_34_2.png" width="41"/>
                        </td>
                        <td class1="" headers="">
                            <img alt="Look at text image." class1="" height="40" src="/temp-images/testitems/92792/itemimages/1799823765_34_3.png" width="41"/>
                        </td>
                        <td class1="" headers="">
                            <img alt="Look at text image." class1="" height="40" src="/temp-images/testitems/92792/itemimages/1799823765_34_4.png" width="41"/>
                        </td>
                        <td class1="" headers="">
                            <img alt="Look at text image." class1="" height="40" src="/temp-images/testitems/92792/itemimages/1799823765_34_5.png" width="41"/>
                        </td>
                    </tr>
                    <tr class1="">
                        <td class1="" headers="">
                            <img alt="Look at text image." class1="" height="40" src="/temp-images/testitems/92792/itemimages/1799823765_34_6.png" width="41"/>
                        </td>
                        <td class1="" headers="">
                            <img alt="Look at text image." class1="" height="40" src="/temp-images/testitems/92792/itemimages/1799823765_34_7.png" width="41"/>
                        </td>
                        <td class1="" headers="">
                            <img alt="Look at text image." class1="" height="40" src="/temp-images/testitems/92792/itemimages/1799823765_34_8.png" width="41"/>
                        </td>
                        <td class1="" headers="">
                            <img alt="Look at text image." class1="" height="40" src="/temp-images/testitems/92792/itemimages/1799823765_34_9.png" width="41"/>
                        </td>
                        <td class1="" headers="">
                            <img alt="Look at text image." class1="" height="40" src="/temp-images/testitems/92792/itemimages/1799823765_34_10.png" width="41"/>
                        </td>
                    </tr>
                    <tr class1="">
                        <td class1="" headers="">
                            <img alt="Look at text image." class1="" height="40" src="/temp-images/testitems/92792/itemimages/1799823765_34_11.png" width="41"/>
                        </td>
                        <td class1="" headers="">
                            <img alt="Look at text image." class1="" height="40" src="/temp-images/testitems/92792/itemimages/1799823765_34_12.png" width="41"/>
                        </td>
                        <td class1="" headers="">
                            <img alt="Look at text image." class1="" height="40" src="/temp-images/testitems/92792/itemimages/1799823765_34_13.png" width="41"/>
                        </td>
                        <td class1="" headers="">
                            <img alt="Look at text image." class1="" height="40" src="/temp-images/testitems/92792/itemimages/1799823765_34_14.png" width="41"/>
                        </td>
                        <td class1="" headers="">
                            <img alt="Look at text image." class1="" height="40" src="/temp-images/testitems/92792/itemimages/1799823765_34_15.png" width="41"/>
                        </td>
                    </tr>
                    <tr class1="">
                        <td class1="" headers="">
                            <img alt="Look at text image." class1="" height="40" src="/temp-images/testitems/92792/itemimages/1799823765_34_16.png" width="41"/>
                        </td>
                        <td class1="" headers="">
                            <img alt="Look at text image." class1="" height="40" src="/temp-images/testitems/92792/itemimages/1799823765_34_17.png" width="41"/>
                        </td>
                        <td class1="" headers="">
                            <img alt="Look at text image." class1="" height="40" src="/temp-images/testitems/92792/itemimages/1799823765_34_18.png" width="41"/>
                        </td>
                    </tr>
                </tbody>
            </table>
            <span class1="" id="16">18 – 10 = 8

</span>
            <span class1="" id="16">So 18 – 8 = ____</span>
        </p>
        <choiceInteraction class1="" maxChoices="1" responseIdentifier="RESPONSE" shuffle="false">
            <simpleChoice class1="" identifier="ChoiceA">
                <p class1="" id="11" label="Times New Roman">
                    <span class1="" id="16">8</span>
                </p>
            </simpleChoice>
            <simpleChoice class1="" identifier="ChoiceB">
                <p class1="" id="11" label="Times New Roman">
                    <span class1="" id="16">9</span>
                </p>
            </simpleChoice>
            <simpleChoice class1="" identifier="ChoiceC">
                <p class1="" id="11" label="Times New Roman">
                    <span class1="" id="16">10</span>
                </p>
            </simpleChoice>
            <simpleChoice class1="" identifier="ChoiceD">
                <p class1="" id="11" label="Times New Roman">
                    <span class1="" id="16">11</span>
                </p>
            </simpleChoice>
        </choiceInteraction>
    </itemBody>
</assessmentItem>
