<?xml version="1.0" encoding="UTF-8" standalone="yes"?>
<assessmentItem xmlns="http://www.imsglobal.org/xsd/imsqti_v2p0" adaptive="false" identifier="id" timeDependent="false" title="iupo">
    <responseDeclaration cardinality="single" identifier="RESPONSE">
        <correctResponse>
            <value>C</value>
        </correctResponse>
        <mapping defaultValue="0.0">
            <mapEntry mapKey="TBD" mappedValue="1.0"/>
        </mapping>
    </responseDeclaration>
    <itemBody class1="" id="mc">
        <p class1="" id="11" label="Times New Roman">
            <span class1="" id="16">There are 6 frogs in one pond.
</span>
            <span class1="" id="16">A second pond has 10 more frogs than the first pond.
</span>
            <span class1="" id="16">How many frogs are in the second pond?
</span>
            <table class1="" id="1">
                <tbody class1="">
                    <tr class1="">
                        <td class1="" headers="">
                            <img alt="Look at text image." class1="" height="40" src="/temp-images/testitems/92792/itemimages/1799823765_43_1.png" width="41"/>
                        </td>
                        <td class1="" headers="">
                            <img alt="Look at text image." class1="" height="40" src="/temp-images/testitems/92792/itemimages/1799823765_43_2.png" width="41"/>
                        </td>
                        <td class1="" headers="">
                            <img alt="Look at text image." class1="" height="40" src="/temp-images/testitems/92792/itemimages/1799823765_43_3.png" width="41"/>
                        </td>
                        <td class1="" headers="">
                            <img alt="Look at text image." class1="" height="40" src="/temp-images/testitems/92792/itemimages/1799823765_43_4.png" width="41"/>
                        </td>
                        <td class1="" headers="">
                            <img alt="Look at text image." class1="" height="40" src="/temp-images/testitems/92792/itemimages/1799823765_43_5.png" width="41"/>
                        </td>
                    </tr>
                    <tr class1="">
                        <td class1="" headers="">
                            <img alt="Look at text image." class1="" height="40" src="/temp-images/testitems/92792/itemimages/1799823765_43_6.png" width="41"/>
                        </td>
                        <td class1="" headers="">
                            <img alt="Look at text image." class1="" height="40" src="/temp-images/testitems/92792/itemimages/1799823765_43_7.png" width="41"/>
                        </td>
                        <td class1="" headers="">
                            <img alt="Look at text image." class1="" height="40" src="/temp-images/testitems/92792/itemimages/1799823765_43_8.png" width="41"/>
                        </td>
                        <td class1="" headers="">
                            <img alt="Look at text image." class1="" height="40" src="/temp-images/testitems/92792/itemimages/1799823765_43_9.png" width="41"/>
                        </td>
                        <td class1="" headers="">
                            <img alt="Look at text image." class1="" height="40" src="/temp-images/testitems/92792/itemimages/1799823765_43_10.png" width="41"/>
                        </td>
                    </tr>
                </tbody>
            </table>
            <table class1="" id="1">
                <tbody class1="">
                    <tr class1="">
                        <td class1="" headers="">
                            <img alt="Look at text image." class1="" height="40" src="/temp-images/testitems/92792/itemimages/1799823765_43_11.png" width="41"/>
                        </td>
                        <td class1="" headers="">
                            <img alt="Look at text image." class1="" height="40" src="/temp-images/testitems/92792/itemimages/1799823765_43_12.png" width="41"/>
                        </td>
                        <td class1="" headers="">
                            <img alt="Look at text image." class1="" height="40" src="/temp-images/testitems/92792/itemimages/1799823765_43_13.png" width="41"/>
                        </td>
                        <td class1="" headers="">
                            <img alt="Look at text image." class1="" height="40" src="/temp-images/testitems/92792/itemimages/1799823765_43_14.png" width="41"/>
                        </td>
                        <td class1="" headers="">
                            <img alt="Look at text image." class1="" height="40" src="/temp-images/testitems/92792/itemimages/1799823765_43_15.png" width="41"/>
                        </td>
                    </tr>
                    <tr class1="">
                        <td class1="" headers="">
                            <img alt="Look at text image." class1="" height="40" src="/temp-images/testitems/92792/itemimages/1799823765_43_16.png" width="41"/>
                        </td>
                        <td class1="" headers="">
                            <img alt="Look at text image." class1="" height="29" src="/temp-images/testitems/92792/itemimages/1799823765_43_17.png" width="31"/>
                        </td>
                        <td class1="" headers="">
                            <img alt="Look at text image." class1="" height="29" src="/temp-images/testitems/92792/itemimages/1799823765_43_18.png" width="31"/>
                        </td>
                        <td class1="" headers="">
                            <img alt="Look at text image." class1="" height="29" src="/temp-images/testitems/92792/itemimages/1799823765_43_19.png" width="31"/>
                        </td>
                        <td class1="" headers="">
                            <img alt="Look at text image." class1="" height="29" src="/temp-images/testitems/92792/itemimages/1799823765_43_20.png" width="31"/>
                        </td>
                    </tr>
                </tbody>
            </table>
        </p>
        <choiceInteraction class1="" maxChoices="1" responseIdentifier="RESPONSE" shuffle="false">
            <simpleChoice class1="" identifier="ChoiceA">
                <p class1="" id="11" label="Times New Roman">
                    <span class1="" id="16">6</span>
                </p>
            </simpleChoice>
            <simpleChoice class1="" identifier="ChoiceB">
                <p class1="" id="11" label="Times New Roman">
                    <span class1="" id="16">11</span>
                </p>
            </simpleChoice>
            <simpleChoice class1="" identifier="ChoiceC">
                <p class1="" id="11" label="Times New Roman">
                    <span class1="" id="16">16</span>
                </p>
            </simpleChoice>
            <simpleChoice class1="" identifier="ChoiceD">
                <p class1="" id="11" label="Times New Roman">
                    <span class1="" id="16">19</span>
                </p>
            </simpleChoice>
        </choiceInteraction>
    </itemBody>
</assessmentItem>
