<?xml version="1.0" encoding="UTF-8" standalone="yes"?>
<assessmentItem xmlns="http://www.imsglobal.org/xsd/imsqti_v2p0" adaptive="false" identifier="id" timeDependent="false" title="iupo">
    <responseDeclaration cardinality="single" identifier="RESPONSE">
        <correctResponse>
            <value>D</value>
        </correctResponse>
        <mapping defaultValue="0.0">
            <mapEntry mapKey="TBD" mappedValue="1.0"/>
        </mapping>
    </responseDeclaration>
    <itemBody class1="" id="mc">
        <p class1="" id="11" label="Times New Roman">
            <span class1="" id="16">Josh has nickels, dimes, and quarters.
How many ways can he select 2 coins?
</span>
            <span class1="" id="16">Use the table to count the ways.
</span>
            <table class1="" id="1">
                <tbody class1="">
                    <tr class1="">
                        <td class1="" headers="">
                            <img alt="Look at text image." class1="" height="56" src="/temp-images/testitems/92792/itemimages/1799823765_52_1.png" width="64"/>
                        </td>
                        <td class1="" headers="">
                            <img alt="Look at text image." class1="" height="50" src="/temp-images/testitems/92792/itemimages/1799823765_52_2.png" width="55"/>
                        </td>
                        <td class1="" headers="">
                            <img alt="Look at text image." class1="" height="66" src="/temp-images/testitems/92792/itemimages/1799823765_52_3.png" width="73"/>
                        </td>
                    </tr>
                    <tr class1="">
                        <td class1="" headers="">2</td>
                        <td class1="" headers="">0</td>
                        <td class1="" headers="">0</td>
                    </tr>
                    <tr class1="">
                        <td class1="" headers="">
                            <img alt="Look at text image." class1="" height="16" src="/temp-images/testitems/92792/itemimages/1799823765_52_4.png" width="46"/>
                        </td>
                        <td class1="" headers="">
                            <img alt="Look at text image." class1="" height="16" src="/temp-images/testitems/92792/itemimages/1799823765_52_5.png" width="46"/>
                        </td>
                        <td class1="" headers="">
                            <img alt="Look at text image." class1="" height="16" src="/temp-images/testitems/92792/itemimages/1799823765_52_6.png" width="46"/>
                        </td>
                    </tr>
                    <tr class1="">
                        <td class1="" headers="">
                            <img alt="Look at text image." class1="" height="16" src="/temp-images/testitems/92792/itemimages/1799823765_52_7.png" width="46"/>
                        </td>
                        <td class1="" headers="">
                            <img alt="Look at text image." class1="" height="16" src="/temp-images/testitems/92792/itemimages/1799823765_52_8.png" width="46"/>
                        </td>
                        <td class1="" headers="">
                            <img alt="Look at text image." class1="" height="16" src="/temp-images/testitems/92792/itemimages/1799823765_52_9.png" width="46"/>
                        </td>
                    </tr>
                    <tr class1="">
                        <td class1="" headers="">
                            <img alt="Look at text image." class1="" height="16" src="/temp-images/testitems/92792/itemimages/1799823765_52_10.png" width="46"/>
                        </td>
                        <td class1="" headers="">
                            <img alt="Look at text image." class1="" height="16" src="/temp-images/testitems/92792/itemimages/1799823765_52_11.png" width="46"/>
                        </td>
                        <td class1="" headers="">
                            <img alt="Look at text image." class1="" height="16" src="/temp-images/testitems/92792/itemimages/1799823765_52_12.png" width="46"/>
                        </td>
                    </tr>
                    <tr class1="">
                        <td class1="" headers="">
                            <img alt="Look at text image." class1="" height="16" src="/temp-images/testitems/92792/itemimages/1799823765_52_13.png" width="46"/>
                        </td>
                        <td class1="" headers="">
                            <img alt="Look at text image." class1="" height="16" src="/temp-images/testitems/92792/itemimages/1799823765_52_14.png" width="46"/>
                        </td>
                        <td class1="" headers="">
                            <img alt="Look at text image." class1="" height="16" src="/temp-images/testitems/92792/itemimages/1799823765_52_15.png" width="46"/>
                        </td>
                    </tr>
                    <tr class1="">
                        <td class1="" headers="">
                            <img alt="Look at text image." class1="" height="16" src="/temp-images/testitems/92792/itemimages/1799823765_52_16.png" width="46"/>
                        </td>
                        <td class1="" headers="">
                            <img alt="Look at text image." class1="" height="16" src="/temp-images/testitems/92792/itemimages/1799823765_52_17.png" width="46"/>
                        </td>
                        <td class1="" headers="">
                            <img alt="Look at text image." class1="" height="16" src="/temp-images/testitems/92792/itemimages/1799823765_52_18.png" width="46"/>
                        </td>
                    </tr>
                    <tr class1="">
                        <td class1="" headers="">
                            <img alt="Look at text image." class1="" height="16" src="/temp-images/testitems/92792/itemimages/1799823765_52_19.png" width="46"/>
                        </td>
                        <td class1="" headers="">
                            <img alt="Look at text image." class1="" height="16" src="/temp-images/testitems/92792/itemimages/1799823765_52_20.png" width="46"/>
                        </td>
                        <td class1="" headers="">
                            <img alt="Look at text image." class1="" height="16" src="/temp-images/testitems/92792/itemimages/1799823765_52_21.png" width="46"/>
                        </td>
                    </tr>
                    <tr class1="">
                        <td class1="" headers="">
                            <img alt="Look at text image." class1="" height="16" src="/temp-images/testitems/92792/itemimages/1799823765_52_22.png" width="46"/>
                        </td>
                        <td class1="" headers="">
                            <img alt="Look at text image." class1="" height="16" src="/temp-images/testitems/92792/itemimages/1799823765_52_23.png" width="46"/>
                        </td>
                        <td class1="" headers="">
                            <img alt="Look at text image." class1="" height="16" src="/temp-images/testitems/92792/itemimages/1799823765_52_24.png" width="46"/>
                        </td>
                    </tr>
                </tbody>
            </table>
        </p>
        <choiceInteraction class1="" maxChoices="1" responseIdentifier="RESPONSE" shuffle="false">
            <simpleChoice class1="" identifier="ChoiceA">
                <p class1="" id="11" label="Times New Roman">
                    <span class1="" id="16">3 ways</span>
                </p>
            </simpleChoice>
            <simpleChoice class1="" identifier="ChoiceB">
                <p class1="" id="11" label="Times New Roman">
                    <span class1="" id="16">4 ways</span>
                </p>
            </simpleChoice>
            <simpleChoice class1="" identifier="ChoiceC">
                <p class1="" id="11" label="Times New Roman">
                    <span class1="" id="16">5 ways</span>
                </p>
            </simpleChoice>
            <simpleChoice class1="" identifier="ChoiceD">
                <p class1="" id="11" label="Times New Roman">
                    <span class1="" id="16">6 ways</span>
                </p>
            </simpleChoice>
        </choiceInteraction>
    </itemBody>
</assessmentItem>
