<?xml version="1.0" encoding="UTF-8" standalone="yes"?>
<assessmentItem xmlns="http://www.imsglobal.org/xsd/imsqti_v2p0" adaptive="false" identifier="id" timeDependent="false" title="iupo">
    <responseDeclaration cardinality="single" identifier="RESPONSE">
        <correctResponse>
            <value>D</value>
        </correctResponse>
        <mapping defaultValue="0.0">
            <mapEntry mapKey="TBD" mappedValue="1.0"/>
        </mapping>
    </responseDeclaration>
    <itemBody class1="" id="mc">
        <p class1="" id="11" label="Times New Roman">
            <span class1="" id="16">Which addition sentence matches the ten-frame?
</span>
            <table class1="" id="1">
                <tbody class1="">
                    <tr class1="">
                        <td class1="" headers="">
                            <img alt="Look at text image." class1="" height="22" src="/temp-images/testitems/92792/itemimages/1799823765_47_1.png" width="24"/>
                        </td>
                        <td class1="" headers="">
                            <img alt="Look at text image." class1="" height="22" src="/temp-images/testitems/92792/itemimages/1799823765_47_2.png" width="24"/>
                        </td>
                        <td class1="" headers="">
                            <img alt="Look at text image." class1="" height="22" src="/temp-images/testitems/92792/itemimages/1799823765_47_3.png" width="24"/>
                        </td>
                        <td class1="" headers="">
                            <img alt="Look at text image." class1="" height="22" src="/temp-images/testitems/92792/itemimages/1799823765_47_4.png" width="24"/>
                        </td>
                        <td class1="" headers="">
                            <img alt="Look at text image." class1="" height="22" src="/temp-images/testitems/92792/itemimages/1799823765_47_5.png" width="24"/>
                        </td>
                    </tr>
                    <tr class1="">
                        <td class1="" headers="">
                            <img alt="Look at text image." class1="" height="22" src="/temp-images/testitems/92792/itemimages/1799823765_47_6.png" width="24"/>
                        </td>
                        <td class1="" headers="">
                            <img alt="Look at text image." class1="" height="22" src="/temp-images/testitems/92792/itemimages/1799823765_47_7.png" width="24"/>
                        </td>
                        <td class1="" headers="">
                            <img alt="Look at text image." class1="" height="22" src="/temp-images/testitems/92792/itemimages/1799823765_47_8.png" width="24"/>
                        </td>
                        <td class1="" headers="">
                            <img alt="Look at text image." class1="" height="22" src="/temp-images/testitems/92792/itemimages/1799823765_47_9.png" width="24"/>
                        </td>
                        <td class1="" headers="">
                            <img alt="Look at text image." class1="" height="22" src="/temp-images/testitems/92792/itemimages/1799823765_47_10.png" width="24"/>
                        </td>
                    </tr>
                </tbody>
            </table>
            <table class1="" id="1">
                <tbody class1="">
                    <tr class1="">
                        <td class1="" headers="">
                            <img alt="Look at text image." class1="" height="22" src="/temp-images/testitems/92792/itemimages/1799823765_47_11.png" width="24"/>
                        </td>
                        <td class1="" headers="">
                            <img alt="Look at text image." class1="" height="22" src="/temp-images/testitems/92792/itemimages/1799823765_47_12.png" width="24"/>
                        </td>
                        <td class1="" headers="">
                            <img alt="Look at text image." class1="" height="22" src="/temp-images/testitems/92792/itemimages/1799823765_47_13.png" width="24"/>
                        </td>
                        <td class1="" headers="">
                            <img alt="Look at text image." class1="" height="23" src="/temp-images/testitems/92792/itemimages/1799823765_47_14.png" width="24"/>
                        </td>
                        <td class1="" headers="">
                            <img alt="Look at text image." class1="" height="23" src="/temp-images/testitems/92792/itemimages/1799823765_47_15.png" width="24"/>
                        </td>
                    </tr>
                    <tr class1="">
                        <td class1="" headers="">
                            <img alt="Look at text image." class1="" height="23" src="/temp-images/testitems/92792/itemimages/1799823765_47_16.png" width="24"/>
                        </td>
                        <td class1="" headers="">
                            <img alt="Look at text image." class1="" height="23" src="/temp-images/testitems/92792/itemimages/1799823765_47_17.png" width="24"/>
                        </td>
                        <td class1="" headers="">
                            <img alt="Look at text image." class1="" height="23" src="/temp-images/testitems/92792/itemimages/1799823765_47_18.png" width="24"/>
                        </td>
                        <td class1="" headers="">
                            <img alt="Look at text image." class1="" height="23" src="/temp-images/testitems/92792/itemimages/1799823765_47_19.png" width="24"/>
                        </td>
                        <td class1="" headers="">
                            <img alt="Look at text image." class1="" height="23" src="/temp-images/testitems/92792/itemimages/1799823765_47_20.png" width="24"/>
                        </td>
                    </tr>
                </tbody>
            </table>
        </p>
        <choiceInteraction class1="" maxChoices="1" responseIdentifier="RESPONSE" shuffle="false">
            <simpleChoice class1="" identifier="ChoiceA">
                <p class1="" id="11" label="Times New Roman">
                    <span class1="" id="16">10 + 0 = 10</span>
                </p>
            </simpleChoice>
            <simpleChoice class1="" identifier="ChoiceB">
                <p class1="" id="11" label="Times New Roman">
                    <span class1="" id="16">9 + 3 = 12</span>
                </p>
            </simpleChoice>
            <simpleChoice class1="" identifier="ChoiceC">
                <p class1="" id="11" label="Times New Roman">
                    <span class1="" id="16">3 + 4 = 7</span>
                </p>
            </simpleChoice>
            <simpleChoice class1="" identifier="ChoiceD">
                <p class1="" id="11" label="Times New Roman">
                    <span class1="" id="16">10 + 3 = 13</span>
                </p>
            </simpleChoice>
        </choiceInteraction>
    </itemBody>
</assessmentItem>
