<?xml version="1.0" encoding="UTF-8" standalone="yes"?>
<assessmentItem xmlns="http://www.imsglobal.org/xsd/imsqti_v2p0" adaptive="false" identifier="id" timeDependent="false" title="iupo">
    <responseDeclaration cardinality="single" identifier="RESPONSE">
        <correctResponse>
            <value>A</value>
        </correctResponse>
        <mapping defaultValue="0.0">
            <mapEntry mapKey="TBD" mappedValue="1.0"/>
        </mapping>
    </responseDeclaration>
    <itemBody class1="" id="mc">
        <p class1="" id="11" label="Times New Roman">
            <span class1="" id="16">Which has the same sum as 8 + 5?
</span>
            <table class1="" id="1">
                <tbody class1="">
                    <tr class1="">
                        <td class1="" headers="">
                            <img alt="Look at text image." class1="" height="22" src="/temp-images/testitems/92792/itemimages/1799823765_13_1.png" width="24"/>
                        </td>
                        <td class1="" headers="">
                            <img alt="Look at text image." class1="" height="22" src="/temp-images/testitems/92792/itemimages/1799823765_13_2.png" width="24"/>
                        </td>
                        <td class1="" headers="">
                            <img alt="Look at text image." class1="" height="22" src="/temp-images/testitems/92792/itemimages/1799823765_13_3.png" width="24"/>
                        </td>
                        <td class1="" headers="">
                            <img alt="Look at text image." class1="" height="22" src="/temp-images/testitems/92792/itemimages/1799823765_13_4.png" width="24"/>
                        </td>
                        <td class1="" headers="">
                            <img alt="Look at text image." class1="" height="22" src="/temp-images/testitems/92792/itemimages/1799823765_13_5.png" width="24"/>
                        </td>
                    </tr>
                    <tr class1="">
                        <td class1="" headers="">
                            <img alt="Look at text image." class1="" height="22" src="/temp-images/testitems/92792/itemimages/1799823765_13_6.png" width="24"/>
                        </td>
                        <td class1="" headers="">
                            <img alt="Look at text image." class1="" height="22" src="/temp-images/testitems/92792/itemimages/1799823765_13_7.png" width="24"/>
                        </td>
                        <td class1="" headers="">
                            <img alt="Look at text image." class1="" height="22" src="/temp-images/testitems/92792/itemimages/1799823765_13_8.png" width="24"/>
                        </td>
                        <td class1="" headers="">
                            <img alt="Look at text image." class1="" height="23" src="/temp-images/testitems/92792/itemimages/1799823765_13_9.png" width="23"/>
                        </td>
                        <td class1="" headers="">
                            <img alt="Look at text image." class1="" height="23" src="/temp-images/testitems/92792/itemimages/1799823765_13_10.png" width="23"/>
                        </td>
                    </tr>
                    <tr class1="">
                        <td class1="" headers="">
                            <img alt="Look at text image." class1="" height="23" src="/temp-images/testitems/92792/itemimages/1799823765_13_11.png" width="23"/>
                        </td>
                        <td class1="" headers="">
                            <img alt="Look at text image." class1="" height="23" src="/temp-images/testitems/92792/itemimages/1799823765_13_12.png" width="23"/>
                        </td>
                        <td class1="" headers="">
                            <img alt="Look at text image." class1="" height="23" src="/temp-images/testitems/92792/itemimages/1799823765_13_13.png" width="23"/>
                        </td>
                    </tr>
                    <tr class1=""/>
                </tbody>
            </table>
        </p>
        <choiceInteraction class1="" maxChoices="1" responseIdentifier="RESPONSE" shuffle="false">
            <simpleChoice class1="" identifier="ChoiceA">
                <p class1="" id="11" label="Times New Roman">
                    <span class1="" id="16">10 + 3</span>
                </p>
            </simpleChoice>
            <simpleChoice class1="" identifier="ChoiceB">
                <p class1="" id="11" label="Times New Roman">
                    <span class1="" id="16">10 + 0</span>
                </p>
            </simpleChoice>
            <simpleChoice class1="" identifier="ChoiceC">
                <p class1="" id="11" label="Times New Roman">
                    <span class1="" id="16">9 + 5</span>
                </p>
            </simpleChoice>
            <simpleChoice class1="" identifier="ChoiceD">
                <p class1="" id="11" label="Times New Roman">
                    <span class1="" id="16">7 + 5</span>
                </p>
            </simpleChoice>
        </choiceInteraction>
    </itemBody>
</assessmentItem>
