<?xml version="1.0" encoding="UTF-8" standalone="yes"?>
<assessmentItem xmlns="http://www.imsglobal.org/xsd/imsqti_v2p0" adaptive="false" identifier="id" timeDependent="false" title="iupo">
    <responseDeclaration cardinality="single" identifier="RESPONSE">
        <correctResponse>
            <value>C</value>
        </correctResponse>
        <mapping defaultValue="0.0">
            <mapEntry mapKey="TBD" mappedValue="1.0"/>
        </mapping>
    </responseDeclaration>
    <itemBody class1="" id="mc">
        <p class1="" id="11" label="Times New Roman">
            <span class1="" id="16">There are 2 frogs in one pond.
</span>
            <span class1="" id="16">A second pond has 10 more frogs than the first pond.
</span>
            <span class1="" id="16">How many frogs are in the second pond?
</span>
            <table class1="" id="1">
                <tbody class1="">
                    <tr class1="">
                        <td class1="" headers="">
                            <img alt="Look at text image." class1="" height="26" src="/temp-images/testitems/92792/itemimages/1799823765_11_1.png" width="35"/>
                        </td>
                        <td class1="" headers="">
                            <img alt="Look at text image." class1="" height="26" src="/temp-images/testitems/92792/itemimages/1799823765_11_2.png" width="35"/>
                        </td>
                        <td class1="" headers="">
                            <img alt="Look at text image." class1="" height="26" src="/temp-images/testitems/92792/itemimages/1799823765_11_3.png" width="35"/>
                        </td>
                        <td class1="" headers="">
                            <img alt="Look at text image." class1="" height="26" src="/temp-images/testitems/92792/itemimages/1799823765_11_4.png" width="35"/>
                        </td>
                        <td class1="" headers="">
                            <img alt="Look at text image." class1="" height="26" src="/temp-images/testitems/92792/itemimages/1799823765_11_5.png" width="35"/>
                        </td>
                    </tr>
                    <tr class1="">
                        <td class1="" headers="">
                            <img alt="Look at text image." class1="" height="26" src="/temp-images/testitems/92792/itemimages/1799823765_11_6.png" width="35"/>
                        </td>
                        <td class1="" headers="">
                            <img alt="Look at text image." class1="" height="26" src="/temp-images/testitems/92792/itemimages/1799823765_11_7.png" width="35"/>
                        </td>
                        <td class1="" headers="">
                            <img alt="Look at text image." class1="" height="26" src="/temp-images/testitems/92792/itemimages/1799823765_11_8.png" width="35"/>
                        </td>
                        <td class1="" headers="">
                            <img alt="Look at text image." class1="" height="26" src="/temp-images/testitems/92792/itemimages/1799823765_11_9.png" width="35"/>
                        </td>
                        <td class1="" headers="">
                            <img alt="Look at text image." class1="" height="26" src="/temp-images/testitems/92792/itemimages/1799823765_11_10.png" width="35"/>
                        </td>
                    </tr>
                </tbody>
            </table>
            <img alt="Look at text image." class1="" height="35" src="/temp-images/testitems/92792/itemimages/1799823765_11_11.png" width="97"/>
        </p>
        <choiceInteraction class1="" maxChoices="1" responseIdentifier="RESPONSE" shuffle="false">
            <simpleChoice class1="" identifier="ChoiceA">
                <p class1="" id="11" label="Times New Roman">
                    <span class1="" id="16">2</span>
                </p>
            </simpleChoice>
            <simpleChoice class1="" identifier="ChoiceB">
                <p class1="" id="11" label="Times New Roman">
                    <span class1="" id="16">7</span>
                </p>
            </simpleChoice>
            <simpleChoice class1="" identifier="ChoiceC">
                <p class1="" id="11" label="Times New Roman">
                    <span class1="" id="16">12</span>
                </p>
            </simpleChoice>
            <simpleChoice class1="" identifier="ChoiceD">
                <p class1="" id="11" label="Times New Roman">
                    <span class1="" id="16">15</span>
                </p>
            </simpleChoice>
        </choiceInteraction>
    </itemBody>
</assessmentItem>
