<?xml version="1.0" encoding="UTF-8" standalone="yes"?>
<assessmentItem xmlns="http://www.imsglobal.org/xsd/imsqti_v2p0" adaptive="false" identifier="id" timeDependent="false" title="iupo">
    <responseDeclaration cardinality="single" identifier="RESPONSE">
        <correctResponse>
            <value>D</value>
        </correctResponse>
        <mapping defaultValue="0.0">
            <mapEntry mapKey="TBD" mappedValue="1.0"/>
        </mapping>
    </responseDeclaration>
    <itemBody class1="" id="mc">
        <p class1="" id="11" label="Times New Roman">
            <span class1="" id="16">Megan has 9 strawberries.
She picks 4 more strawberries.
</span>
            <span class1="" id="16">How many strawberries does Megan have in all?
</span>
            <table class1="" id="1">
                <tbody class1="">
                    <tr class1="">
                        <td class1="" headers="">
                            <img alt="Look at text image." class1="" height="36" src="/temp-images/testitems/92792/itemimages/1799823765_40_1.png" width="38"/>
                        </td>
                        <td class1="" headers="">
                            <img alt="Look at text image." class1="" height="36" src="/temp-images/testitems/92792/itemimages/1799823765_40_2.png" width="38"/>
                        </td>
                        <td class1="" headers="">
                            <img alt="Look at text image." class1="" height="36" src="/temp-images/testitems/92792/itemimages/1799823765_40_3.png" width="38"/>
                        </td>
                        <td class1="" headers="">
                            <img alt="Look at text image." class1="" height="36" src="/temp-images/testitems/92792/itemimages/1799823765_40_4.png" width="38"/>
                        </td>
                        <td class1="" headers="">
                            <img alt="Look at text image." class1="" height="36" src="/temp-images/testitems/92792/itemimages/1799823765_40_5.png" width="38"/>
                        </td>
                    </tr>
                    <tr class1="">
                        <td class1="" headers="">
                            <img alt="Look at text image." class1="" height="36" src="/temp-images/testitems/92792/itemimages/1799823765_40_6.png" width="38"/>
                        </td>
                        <td class1="" headers="">
                            <img alt="Look at text image." class1="" height="36" src="/temp-images/testitems/92792/itemimages/1799823765_40_7.png" width="38"/>
                        </td>
                        <td class1="" headers="">
                            <img alt="Look at text image." class1="" height="36" src="/temp-images/testitems/92792/itemimages/1799823765_40_8.png" width="38"/>
                        </td>
                        <td class1="" headers="">
                            <img alt="Look at text image." class1="" height="36" src="/temp-images/testitems/92792/itemimages/1799823765_40_9.png" width="38"/>
                        </td>
                        <td class1="" headers="">
                            <img alt="Look at text image." class1="" height="30" src="/temp-images/testitems/92792/itemimages/1799823765_40_10.png" width="32"/>
                        </td>
                    </tr>
                    <tr class1="">
                        <td class1="" headers="">
                            <img alt="Look at text image." class1="" height="36" src="/temp-images/testitems/92792/itemimages/1799823765_40_11.png" width="38"/>
                        </td>
                        <td class1="" headers="">
                            <img alt="Look at text image." class1="" height="36" src="/temp-images/testitems/92792/itemimages/1799823765_40_12.png" width="38"/>
                        </td>
                        <td class1="" headers="">
                            <img alt="Look at text image." class1="" height="36" src="/temp-images/testitems/92792/itemimages/1799823765_40_13.png" width="38"/>
                        </td>
                        <td class1="" headers="">
                            <img alt="Look at text image." class1="" height="36" src="/temp-images/testitems/92792/itemimages/1799823765_40_14.png" width="38"/>
                        </td>
                        <td class1="" headers="">
                            <img alt="Look at text image." class1="" height="30" src="/temp-images/testitems/92792/itemimages/1799823765_40_15.png" width="32"/>
                        </td>
                    </tr>
                </tbody>
            </table>
        </p>
        <choiceInteraction class1="" maxChoices="1" responseIdentifier="RESPONSE" shuffle="false">
            <simpleChoice class1="" identifier="ChoiceA">
                <p class1="" id="11" label="Times New Roman">
                    <span class1="" id="16">4</span>
                </p>
            </simpleChoice>
            <simpleChoice class1="" identifier="ChoiceB">
                <p class1="" id="11" label="Times New Roman">
                    <span class1="" id="16">7</span>
                </p>
            </simpleChoice>
            <simpleChoice class1="" identifier="ChoiceC">
                <p class1="" id="11" label="Times New Roman">
                    <span class1="" id="16">11</span>
                </p>
            </simpleChoice>
            <simpleChoice class1="" identifier="ChoiceD">
                <p class1="" id="11" label="Times New Roman">
                    <span class1="" id="16">13</span>
                </p>
            </simpleChoice>
        </choiceInteraction>
    </itemBody>
</assessmentItem>
