<?xml version="1.0" encoding="UTF-8" standalone="yes"?>
<assessmentItem xmlns="http://www.imsglobal.org/xsd/imsqti_v2p0" adaptive="false" identifier="id" timeDependent="false" title="iupo">
    <responseDeclaration cardinality="single" identifier="RESPONSE">
        <correctResponse>
            <value>B</value>
        </correctResponse>
        <mapping defaultValue="0.0">
            <mapEntry mapKey="TBD" mappedValue="1.0"/>
        </mapping>
    </responseDeclaration>
    <itemBody class1="" id="mc">
        <p class1="" id="11" label="Times New Roman">
            <span class1="" id="16">What is the missing number?
</span>
            <img alt="Look at text image." class1="" height="95" src="/temp-images/testitems/92792/itemimages/1799823765_20_1.png" width="148"/>
            <span class1="" id="16">6 + 6 = 12 so 6 + 5 = ____</span>
            <img alt="Look at text image." class1="" height="18" src="/temp-images/testitems/92792/itemimages/1799823765_20_2.png" width="17"/>
            <span class1="" id="16">6 + 6 = 12 so 6 + 5 = ____</span>
            <img alt="Look at text image." class1="" height="18" src="/temp-images/testitems/92792/itemimages/1799823765_20_3.png" width="17"/>
            <span class1="" id="16">6 + 6 = 12 so 6 + 5 = ____</span>
        </p>
        <choiceInteraction class1="" maxChoices="1" responseIdentifier="RESPONSE" shuffle="false">
            <simpleChoice class1="" identifier="ChoiceA">
                <p class1="" id="11" label="Times New Roman">
                    <span class1="" id="16">10</span>
                </p>
            </simpleChoice>
            <simpleChoice class1="" identifier="ChoiceB">
                <p class1="" id="11" label="Times New Roman">
                    <span class1="" id="16">11</span>
                </p>
            </simpleChoice>
            <simpleChoice class1="" identifier="ChoiceC">
                <p class1="" id="11" label="Times New Roman">
                    <span class1="" id="16">12</span>
                </p>
            </simpleChoice>
            <simpleChoice class1="" identifier="ChoiceD">
                <p class1="" id="11" label="Times New Roman">
                    <span class1="" id="16">13</span>
                </p>
            </simpleChoice>
        </choiceInteraction>
    </itemBody>
</assessmentItem>
