<?xml version="1.0" encoding="UTF-8" standalone="yes"?>
<assessmentItem xmlns="http://www.imsglobal.org/xsd/imsqti_v2p0" adaptive="false" identifier="id" timeDependent="false" title="iupo">
    <responseDeclaration cardinality="single" identifier="RESPONSE">
        <correctResponse>
            <value>B</value>
        </correctResponse>
        <mapping defaultValue="0.0">
            <mapEntry mapKey="TBD" mappedValue="1.0"/>
        </mapping>
    </responseDeclaration>
    <itemBody class1="" id="mc">
        <p class1="" id="11" label="Times New Roman">
            <span class1="" id="16">Kim has apples, bananas, and oranges.
How many ways can she select 2 pieces of fruit?
</span>
            <span class1="" id="16">Use the table to count the ways.
</span>
            <table class1="" id="1">
                <tbody class1="">
                    <tr class1="">
                        <td class1="" headers="">
                            <img alt="Look at text image." class1="" height="71" src="/temp-images/testitems/92792/itemimages/1799823765_18_1.png" width="75"/>
                        </td>
                        <td class1="" headers="">
                            <img alt="Look at text image." class1="" height="67" src="/temp-images/testitems/92792/itemimages/1799823765_18_2.png" width="79"/>
                        </td>
                        <td class1="" headers="">
                            <img alt="Look at text image." class1="" height="67" src="/temp-images/testitems/92792/itemimages/1799823765_18_3.png" width="79"/>
                        </td>
                    </tr>
                    <tr class1="">
                        <td class1="" headers="">2</td>
                        <td class1="" headers="">0</td>
                        <td class1="" headers="">0</td>
                    </tr>
                    <tr class1="">
                        <td class1="" headers="">
                            <img alt="Look at text image." class1="" height="22" src="/temp-images/testitems/92792/itemimages/1799823765_18_4.png" width="45"/>
                        </td>
                        <td class1="" headers="">
                            <img alt="Look at text image." class1="" height="22" src="/temp-images/testitems/92792/itemimages/1799823765_18_5.png" width="45"/>
                        </td>
                        <td class1="" headers="">
                            <img alt="Look at text image." class1="" height="22" src="/temp-images/testitems/92792/itemimages/1799823765_18_6.png" width="45"/>
                        </td>
                    </tr>
                    <tr class1="">
                        <td class1="" headers="">
                            <img alt="Look at text image." class1="" height="22" src="/temp-images/testitems/92792/itemimages/1799823765_18_7.png" width="45"/>
                        </td>
                        <td class1="" headers="">
                            <img alt="Look at text image." class1="" height="22" src="/temp-images/testitems/92792/itemimages/1799823765_18_8.png" width="45"/>
                        </td>
                        <td class1="" headers="">
                            <img alt="Look at text image." class1="" height="22" src="/temp-images/testitems/92792/itemimages/1799823765_18_9.png" width="45"/>
                        </td>
                    </tr>
                    <tr class1="">
                        <td class1="" headers="">
                            <img alt="Look at text image." class1="" height="22" src="/temp-images/testitems/92792/itemimages/1799823765_18_10.png" width="45"/>
                        </td>
                        <td class1="" headers="">
                            <img alt="Look at text image." class1="" height="22" src="/temp-images/testitems/92792/itemimages/1799823765_18_11.png" width="45"/>
                        </td>
                        <td class1="" headers="">
                            <img alt="Look at text image." class1="" height="22" src="/temp-images/testitems/92792/itemimages/1799823765_18_12.png" width="45"/>
                        </td>
                    </tr>
                    <tr class1="">
                        <td class1="" headers="">
                            <img alt="Look at text image." class1="" height="22" src="/temp-images/testitems/92792/itemimages/1799823765_18_13.png" width="45"/>
                        </td>
                        <td class1="" headers="">
                            <img alt="Look at text image." class1="" height="22" src="/temp-images/testitems/92792/itemimages/1799823765_18_14.png" width="45"/>
                        </td>
                        <td class1="" headers="">
                            <img alt="Look at text image." class1="" height="22" src="/temp-images/testitems/92792/itemimages/1799823765_18_15.png" width="45"/>
                        </td>
                    </tr>
                    <tr class1="">
                        <td class1="" headers="">
                            <img alt="Look at text image." class1="" height="22" src="/temp-images/testitems/92792/itemimages/1799823765_18_16.png" width="45"/>
                        </td>
                        <td class1="" headers="">
                            <img alt="Look at text image." class1="" height="22" src="/temp-images/testitems/92792/itemimages/1799823765_18_17.png" width="45"/>
                        </td>
                        <td class1="" headers="">
                            <img alt="Look at text image." class1="" height="22" src="/temp-images/testitems/92792/itemimages/1799823765_18_18.png" width="45"/>
                        </td>
                    </tr>
                    <tr class1="">
                        <td class1="" headers="">
                            <img alt="Look at text image." class1="" height="22" src="/temp-images/testitems/92792/itemimages/1799823765_18_19.png" width="45"/>
                        </td>
                        <td class1="" headers="">
                            <img alt="Look at text image." class1="" height="22" src="/temp-images/testitems/92792/itemimages/1799823765_18_20.png" width="45"/>
                        </td>
                        <td class1="" headers="">
                            <img alt="Look at text image." class1="" height="22" src="/temp-images/testitems/92792/itemimages/1799823765_18_21.png" width="45"/>
                        </td>
                    </tr>
                    <tr class1="">
                        <td class1="" headers="">
                            <img alt="Look at text image." class1="" height="22" src="/temp-images/testitems/92792/itemimages/1799823765_18_22.png" width="45"/>
                        </td>
                        <td class1="" headers="">
                            <img alt="Look at text image." class1="" height="22" src="/temp-images/testitems/92792/itemimages/1799823765_18_23.png" width="45"/>
                        </td>
                        <td class1="" headers="">
                            <img alt="Look at text image." class1="" height="22" src="/temp-images/testitems/92792/itemimages/1799823765_18_24.png" width="45"/>
                        </td>
                    </tr>
                </tbody>
            </table>
        </p>
        <choiceInteraction class1="" maxChoices="1" responseIdentifier="RESPONSE" shuffle="false">
            <simpleChoice class1="" identifier="ChoiceA">
                <p class1="" id="11" label="Times New Roman">
                    <span class1="" id="16">3 ways</span>
                </p>
            </simpleChoice>
            <simpleChoice class1="" identifier="ChoiceB">
                <p class1="" id="11" label="Times New Roman">
                    <span class1="" id="16">6 ways</span>
                </p>
            </simpleChoice>
            <simpleChoice class1="" identifier="ChoiceC">
                <p class1="" id="11" label="Times New Roman">
                    <span class1="" id="16">8 ways</span>
                </p>
            </simpleChoice>
            <simpleChoice class1="" identifier="ChoiceD">
                <p class1="" id="11" label="Times New Roman">
                    <span class1="" id="16">9 ways</span>
                </p>
            </simpleChoice>
        </choiceInteraction>
    </itemBody>
</assessmentItem>
