<?xml version="1.0" encoding="UTF-8" standalone="yes"?>
<assessmentItem xmlns="http://www.imsglobal.org/xsd/imsqti_v2p0" adaptive="false" identifier="id" timeDependent="false" title="iupo">
    <responseDeclaration cardinality="single" identifier="RESPONSE">
        <correctResponse>
            <value>C</value>
        </correctResponse>
        <mapping defaultValue="0.0">
            <mapEntry mapKey="TBD" mappedValue="1.0"/>
        </mapping>
    </responseDeclaration>
    <itemBody class1="" id="mc">
        <p class1="" id="11" label="Times New Roman">
            <span class1="" id="16">13 frogs were swimming in a pond.
8 frogs left the pond.
</span>
            <span class1="" id="16">How many frogs were still swimming in the pond?
</span>
            <table class1="" id="1">
                <tbody class1="">
                    <tr class1="">
                        <td class1="" headers="">
                            <img alt="Look at text image." class1="" height="40" src="/temp-images/testitems/92792/itemimages/1799823765_31_1.png" width="41"/>
                        </td>
                        <td class1="" headers="">
                            <img alt="Look at text image." class1="" height="40" src="/temp-images/testitems/92792/itemimages/1799823765_31_2.png" width="41"/>
                        </td>
                        <td class1="" headers="">
                            <img alt="Look at text image." class1="" height="40" src="/temp-images/testitems/92792/itemimages/1799823765_31_3.png" width="41"/>
                        </td>
                        <td class1="" headers="">
                            <img alt="Look at text image." class1="" height="40" src="/temp-images/testitems/92792/itemimages/1799823765_31_4.png" width="41"/>
                        </td>
                        <td class1="" headers="">
                            <img alt="Look at text image." class1="" height="40" src="/temp-images/testitems/92792/itemimages/1799823765_31_5.png" width="41"/>
                        </td>
                    </tr>
                    <tr class1="">
                        <td class1="" headers="">
                            <img alt="Look at text image." class1="" height="40" src="/temp-images/testitems/92792/itemimages/1799823765_31_6.png" width="41"/>
                        </td>
                        <td class1="" headers="">
                            <img alt="Look at text image." class1="" height="40" src="/temp-images/testitems/92792/itemimages/1799823765_31_7.png" width="41"/>
                        </td>
                        <td class1="" headers="">
                            <img alt="Look at text image." class1="" height="40" src="/temp-images/testitems/92792/itemimages/1799823765_31_8.png" width="41"/>
                        </td>
                        <td class1="" headers="">
                            <img alt="Look at text image." class1="" height="40" src="/temp-images/testitems/92792/itemimages/1799823765_31_9.png" width="41"/>
                        </td>
                        <td class1="" headers="">
                            <img alt="Look at text image." class1="" height="40" src="/temp-images/testitems/92792/itemimages/1799823765_31_10.png" width="41"/>
                        </td>
                    </tr>
                    <tr class1="">
                        <td class1="" headers="">
                            <img alt="Look at text image." class1="" height="40" src="/temp-images/testitems/92792/itemimages/1799823765_31_11.png" width="41"/>
                        </td>
                        <td class1="" headers="">
                            <img alt="Look at text image." class1="" height="40" src="/temp-images/testitems/92792/itemimages/1799823765_31_12.png" width="41"/>
                        </td>
                        <td class1="" headers="">
                            <img alt="Look at text image." class1="" height="40" src="/temp-images/testitems/92792/itemimages/1799823765_31_13.png" width="41"/>
                        </td>
                    </tr>
                    <tr class1=""/>
                </tbody>
            </table>
            <span class1="" id="16">13 – 10 = 3

</span>
            <span class1="" id="16">So 13 – 8 = ____</span>
        </p>
        <choiceInteraction class1="" maxChoices="1" responseIdentifier="RESPONSE" shuffle="false">
            <simpleChoice class1="" identifier="ChoiceA">
                <p class1="" id="11" label="Times New Roman">
                    <span class1="" id="16">3</span>
                </p>
            </simpleChoice>
            <simpleChoice class1="" identifier="ChoiceB">
                <p class1="" id="11" label="Times New Roman">
                    <span class1="" id="16">4</span>
                </p>
            </simpleChoice>
            <simpleChoice class1="" identifier="ChoiceC">
                <p class1="" id="11" label="Times New Roman">
                    <span class1="" id="16">5</span>
                </p>
            </simpleChoice>
            <simpleChoice class1="" identifier="ChoiceD">
                <p class1="" id="11" label="Times New Roman">
                    <span class1="" id="16">6</span>
                </p>
            </simpleChoice>
        </choiceInteraction>
    </itemBody>
</assessmentItem>
