<?xml version="1.0" encoding="UTF-8" standalone="yes"?>
<assessmentItem xmlns="http://www.imsglobal.org/xsd/imsqti_v2p0" adaptive="false" identifier="id" timeDependent="false" title="iupo">
    <responseDeclaration cardinality="single" identifier="RESPONSE">
        <correctResponse>
            <value>D</value>
        </correctResponse>
        <mapping defaultValue="0.0">
            <mapEntry mapKey="TBD" mappedValue="1.0"/>
        </mapping>
    </responseDeclaration>
    <itemBody class1="" id="mc">
        <p class1="" id="11" label="Times New Roman">
            <span class1="" id="16">Which addition sentence matches the ten-frame?
</span>
            <table class1="" id="1">
                <tbody class1="">
                    <tr class1="">
                        <td class1="" headers="">
                            <img alt="Look at text image." class1="" height="21" src="/temp-images/testitems/92792/itemimages/1799823765_9_1.png" width="21"/>
                        </td>
                        <td class1="" headers="">
                            <img alt="Look at text image." class1="" height="21" src="/temp-images/testitems/92792/itemimages/1799823765_9_2.png" width="21"/>
                        </td>
                        <td class1="" headers="">
                            <img alt="Look at text image." class1="" height="21" src="/temp-images/testitems/92792/itemimages/1799823765_9_3.png" width="21"/>
                        </td>
                        <td class1="" headers="">
                            <img alt="Look at text image." class1="" height="21" src="/temp-images/testitems/92792/itemimages/1799823765_9_4.png" width="21"/>
                        </td>
                        <td class1="" headers="">
                            <img alt="Look at text image." class1="" height="21" src="/temp-images/testitems/92792/itemimages/1799823765_9_5.png" width="21"/>
                        </td>
                    </tr>
                    <tr class1="">
                        <td class1="" headers="">
                            <img alt="Look at text image." class1="" height="21" src="/temp-images/testitems/92792/itemimages/1799823765_9_6.png" width="21"/>
                        </td>
                        <td class1="" headers="">
                            <img alt="Look at text image." class1="" height="21" src="/temp-images/testitems/92792/itemimages/1799823765_9_7.png" width="21"/>
                        </td>
                        <td class1="" headers="">
                            <img alt="Look at text image." class1="" height="21" src="/temp-images/testitems/92792/itemimages/1799823765_9_8.png" width="21"/>
                        </td>
                        <td class1="" headers="">
                            <img alt="Look at text image." class1="" height="21" src="/temp-images/testitems/92792/itemimages/1799823765_9_9.png" width="21"/>
                        </td>
                        <td class1="" headers="">
                            <img alt="Look at text image." class1="" height="21" src="/temp-images/testitems/92792/itemimages/1799823765_9_10.png" width="21"/>
                        </td>
                    </tr>
                </tbody>
            </table>
            <img alt="Look at text image." class1="" height="15" src="/temp-images/testitems/92792/itemimages/1799823765_9_11.png" width="9"/>
            <img alt="Look at text image." class1="" height="21" src="/temp-images/testitems/92792/itemimages/1799823765_9_12.png" width="21"/>
            <img alt="Look at text image." class1="" height="15" src="/temp-images/testitems/92792/itemimages/1799823765_9_13.png" width="21"/>
            <img alt="Look at text image." class1="" height="21" src="/temp-images/testitems/92792/itemimages/1799823765_9_14.png" width="21"/>
            <img alt="Look at text image." class1="" height="15" src="/temp-images/testitems/92792/itemimages/1799823765_9_15.png" width="21"/>
            <img alt="Look at text image." class1="" height="21" src="/temp-images/testitems/92792/itemimages/1799823765_9_16.png" width="21"/>
            <img alt="Look at text image." class1="" height="15" src="/temp-images/testitems/92792/itemimages/1799823765_9_17.png" width="21"/>
            <img alt="Look at text image." class1="" height="21" src="/temp-images/testitems/92792/itemimages/1799823765_9_18.png" width="21"/>
            <img alt="Look at text image." class1="" height="15" src="/temp-images/testitems/92792/itemimages/1799823765_9_19.png" width="21"/>
            <img alt="Look at text image." class1="" height="21" src="/temp-images/testitems/92792/itemimages/1799823765_9_20.png" width="21"/>
        </p>
        <choiceInteraction class1="" maxChoices="1" responseIdentifier="RESPONSE" shuffle="false">
            <simpleChoice class1="" identifier="ChoiceA">
                <p class1="" id="11" label="Times New Roman">
                    <span class1="" id="16">5 + 6 = 11</span>
                </p>
            </simpleChoice>
            <simpleChoice class1="" identifier="ChoiceB">
                <p class1="" id="11" label="Times New Roman">
                    <span class1="" id="16">9 + 5 = 14</span>
                </p>
            </simpleChoice>
            <simpleChoice class1="" identifier="ChoiceC">
                <p class1="" id="11" label="Times New Roman">
                    <span class1="" id="16">10 + 0 = 10</span>
                </p>
            </simpleChoice>
            <simpleChoice class1="" identifier="ChoiceD">
                <p class1="" id="11" label="Times New Roman">
                    <span class1="" id="16">10 + 5 = 15</span>
                </p>
            </simpleChoice>
        </choiceInteraction>
    </itemBody>
</assessmentItem>
