<?xml version="1.0" encoding="UTF-8" standalone="yes"?>
<assessmentItem xmlns="http://www.imsglobal.org/xsd/imsqti_v2p0" adaptive="false" identifier="id" timeDependent="false" title="iupo">
    <responseDeclaration cardinality="single" identifier="RESPONSE">
        <correctResponse>
            <value>A</value>
        </correctResponse>
        <mapping defaultValue="0.0">
            <mapEntry mapKey="TBD" mappedValue="1.0"/>
        </mapping>
    </responseDeclaration>
    <itemBody class1="" id="mc">
        <p class1="" id="11" label="Times New Roman">
            <span class1="" id="16">A fruit stand had 17 apples.
</span>
            <span class1="" id="16">9 of the apples were sold.
</span>
            <table class1="" id="1">
                <tbody class1="">
                    <tr class1="">
                        <td class1="" headers="">
                            <img alt="Look at text image." class1="" height="65" src="/temp-images/testitems/92792/itemimages/1799823765_29_1.png" width="62"/>
                        </td>
                        <td class1="" headers="">
                            <img alt="Look at text image." class1="" height="65" src="/temp-images/testitems/92792/itemimages/1799823765_29_2.png" width="62"/>
                        </td>
                        <td class1="" headers="">
                            <img alt="Look at text image." class1="" height="65" src="/temp-images/testitems/92792/itemimages/1799823765_29_3.png" width="62"/>
                        </td>
                        <td class1="" headers="">
                            <img alt="Look at text image." class1="" height="65" src="/temp-images/testitems/92792/itemimages/1799823765_29_4.png" width="62"/>
                        </td>
                        <td class1="" headers="">
                            <img alt="Look at text image." class1="" height="65" src="/temp-images/testitems/92792/itemimages/1799823765_29_5.png" width="62"/>
                        </td>
                    </tr>
                    <tr class1="">
                        <td class1="" headers="">
                            <img alt="Look at text image." class1="" height="65" src="/temp-images/testitems/92792/itemimages/1799823765_29_6.png" width="62"/>
                        </td>
                        <td class1="" headers="">
                            <img alt="Look at text image." class1="" height="65" src="/temp-images/testitems/92792/itemimages/1799823765_29_7.png" width="62"/>
                        </td>
                        <td class1="" headers="">
                            <img alt="Look at text image." class1="" height="65" src="/temp-images/testitems/92792/itemimages/1799823765_29_8.png" width="62"/>
                        </td>
                        <td class1="" headers="">
                            <img alt="Look at text image." class1="" height="65" src="/temp-images/testitems/92792/itemimages/1799823765_29_9.png" width="62"/>
                        </td>
                        <td class1="" headers="">
                            <img alt="Look at text image." class1="" height="68" src="/temp-images/testitems/92792/itemimages/1799823765_29_10.png" width="61"/>
                        </td>
                    </tr>
                    <tr class1="">
                        <td class1="" headers="">
                            <img alt="Look at text image." class1="" height="68" src="/temp-images/testitems/92792/itemimages/1799823765_29_11.png" width="61"/>
                        </td>
                        <td class1="" headers="">
                            <img alt="Look at text image." class1="" height="68" src="/temp-images/testitems/92792/itemimages/1799823765_29_12.png" width="61"/>
                        </td>
                        <td class1="" headers="">
                            <img alt="Look at text image." class1="" height="68" src="/temp-images/testitems/92792/itemimages/1799823765_29_13.png" width="61"/>
                        </td>
                        <td class1="" headers="">
                            <img alt="Look at text image." class1="" height="68" src="/temp-images/testitems/92792/itemimages/1799823765_29_14.png" width="61"/>
                        </td>
                        <td class1="" headers="">
                            <img alt="Look at text image." class1="" height="68" src="/temp-images/testitems/92792/itemimages/1799823765_29_15.png" width="61"/>
                        </td>
                    </tr>
                    <tr class1="">
                        <td class1="" headers="">
                            <img alt="Look at text image." class1="" height="68" src="/temp-images/testitems/92792/itemimages/1799823765_29_16.png" width="61"/>
                        </td>
                        <td class1="" headers="">
                            <img alt="Look at text image." class1="" height="68" src="/temp-images/testitems/92792/itemimages/1799823765_29_17.png" width="61"/>
                        </td>
                    </tr>
                </tbody>
            </table>
            <span class1="" id="16">How many apples were left?
</span>
            <table class1="" id="1">
                <tbody class1="">
                    <tr class1="">
                        <td class1="" headers="">
                            <img alt="Look at text image." class1="" height="78" src="/temp-images/testitems/92792/itemimages/1799823765_29_18.png" width="44"/>
                        </td>
                        <td class1="" headers="">
                            <img alt="Look at text image." class1="" height="81" src="/temp-images/testitems/92792/itemimages/1799823765_29_19.png" width="37"/>
                        </td>
                        <td class1="" headers="">
                            <img alt="Look at text image." class1="" height="52" src="/temp-images/testitems/92792/itemimages/1799823765_29_20.png" width="32"/>
                        </td>
                    </tr>
                </tbody>
            </table>
        </p>
        <choiceInteraction class1="" maxChoices="1" responseIdentifier="RESPONSE" shuffle="false">
            <simpleChoice class1="" identifier="ChoiceA">
                <p class1="" id="11" label="Times New Roman">
                    <span class1="" id="16">8</span>
                </p>
            </simpleChoice>
            <simpleChoice class1="" identifier="ChoiceB">
                <p class1="" id="11" label="Times New Roman">
                    <span class1="" id="16">9</span>
                </p>
            </simpleChoice>
            <simpleChoice class1="" identifier="ChoiceC">
                <p class1="" id="11" label="Times New Roman">
                    <span class1="" id="16">10</span>
                </p>
            </simpleChoice>
            <simpleChoice class1="" identifier="ChoiceD">
                <p class1="" id="11" label="Times New Roman">
                    <span class1="" id="16">11</span>
                </p>
            </simpleChoice>
        </choiceInteraction>
    </itemBody>
</assessmentItem>
