<?xml version="1.0" encoding="UTF-8" standalone="yes"?>
<assessmentItem xmlns="http://www.imsglobal.org/xsd/imsqti_v2p0" adaptive="false" identifier="id" timeDependent="false" title="iupo">
    <responseDeclaration cardinality="single" identifier="RESPONSE">
        <correctResponse>
            <value>A</value>
        </correctResponse>
        <mapping defaultValue="0.0">
            <mapEntry mapKey="TBD" mappedValue="1.0"/>
        </mapping>
    </responseDeclaration>
    <itemBody class1="" id="mc">
        <p class1="" id="11" label="Times New Roman">
            <span class1="" id="16">Who found an even number of shells on Cape Cod Island?
</span>
            <table class1="" id="1">
                <tbody class1="">
                    <tr class1="">
                        <td class1="" headers="">SHELLS FOUND ON CAPE COD</td>
                    </tr>
                    <tr class1="">
                        <td class1="" headers="">Name</td>
                        <td class1="" headers="">Number Found</td>
                    </tr>
                    <tr class1="">
                        <td class1="" headers="">Genaro</td>
                        <td class1="" headers="">14</td>
                    </tr>
                    <tr class1="">
                        <td class1="" headers="">Alicia</td>
                        <td class1="" headers="">15</td>
                    </tr>
                    <tr class1="">
                        <td class1="" headers="">Robert</td>
                        <td class1="" headers="">13</td>
                    </tr>
                    <tr class1="">
                        <td class1="" headers="">Gloria</td>
                        <td class1="" headers="">30</td>
                    </tr>
                </tbody>
            </table>
        </p>
        <choiceInteraction class1="" maxChoices="1" responseIdentifier="RESPONSE" shuffle="false">
            <simpleChoice class1="" identifier="ChoiceA">
                <p class1="" id="11" label="Times New Roman">
                    <span class1="" id="16">Genaro and Gloria</span>
                </p>
            </simpleChoice>
            <simpleChoice class1="" identifier="ChoiceB">
                <p class1="" id="11" label="Times New Roman">
                    <span class1="" id="16">Alicia and Robert</span>
                </p>
            </simpleChoice>
            <simpleChoice class1="" identifier="ChoiceC">
                <p class1="" id="11" label="Times New Roman">
                    <span class1="" id="16">Genaro and Alicia</span>
                </p>
            </simpleChoice>
            <simpleChoice class1="" identifier="ChoiceD">
                <p class1="" id="11" label="Times New Roman">
                    <span class1="" id="16">Robert and Gloria</span>
                </p>
            </simpleChoice>
        </choiceInteraction>
    </itemBody>
</assessmentItem>
