<?xml version="1.0" encoding="UTF-8" standalone="yes"?>
<assessmentItem xmlns="http://www.imsglobal.org/xsd/imsqti_v2p0" adaptive="false" identifier="id" timeDependent="false" title="iupo">
    <responseDeclaration cardinality="single" identifier="RESPONSE">
        <correctResponse>
            <value>B</value>
        </correctResponse>
        <mapping defaultValue="0.0">
            <mapEntry mapKey="TBD" mappedValue="1.0"/>
        </mapping>
    </responseDeclaration>
    <itemBody class1="" id="mc">
        <p class1="" id="11" label="Times New Roman">
            <span class1="" id="16">Among the fifty states, when did Illinois enter the union?
</span>
            <span class1="" id="16">It is less than 23.
It is an odd number.
It has two in tens place.
</span>
            <span class1="" id="8">   </span>
            <span class1="" id="16">
The secret number is ____.
</span>
            <span class1="" id="8">    </span>
            <table class1="" id="1">
                <tbody class1="">
                    <tr class1="">
                        <td class1="" headers="">20</td>
                        <td class1="" headers="">21</td>
                        <td class1="" headers="">22</td>
                        <td class1="" headers="">23</td>
                        <td class1="" headers="">24</td>
                        <td class1="" headers="">25</td>
                        <td class1="" headers="">26</td>
                        <td class1="" headers="">27</td>
                        <td class1="" headers="">28</td>
                        <td class1="" headers="">29</td>
                    </tr>
                    <tr class1="">
                        <td class1="" headers="">30</td>
                        <td class1="" headers="">31</td>
                        <td class1="" headers="">32</td>
                        <td class1="" headers="">33</td>
                        <td class1="" headers="">34</td>
                        <td class1="" headers="">35</td>
                        <td class1="" headers="">36</td>
                        <td class1="" headers="">37</td>
                        <td class1="" headers="">38</td>
                        <td class1="" headers="">39</td>
                    </tr>
                    <tr class1="">
                        <td class1="" headers="">40</td>
                        <td class1="" headers="">41</td>
                        <td class1="" headers="">42</td>
                        <td class1="" headers="">43</td>
                        <td class1="" headers="">44</td>
                        <td class1="" headers="">45</td>
                        <td class1="" headers="">46</td>
                        <td class1="" headers="">47</td>
                        <td class1="" headers="">48</td>
                        <td class1="" headers="">49</td>
                    </tr>
                </tbody>
            </table>
        </p>
        <choiceInteraction class1="" maxChoices="1" responseIdentifier="RESPONSE" shuffle="false">
            <simpleChoice class1="" identifier="ChoiceA">
                <p class1="" id="11" label="Times New Roman">
                    <span class1="" id="16">19</span>
                </p>
            </simpleChoice>
            <simpleChoice class1="" identifier="ChoiceB">
                <p class1="" id="11" label="Times New Roman">
                    <span class1="" id="16">21</span>
                </p>
            </simpleChoice>
            <simpleChoice class1="" identifier="ChoiceC">
                <p class1="" id="11" label="Times New Roman">
                    <span class1="" id="16">22</span>
                </p>
            </simpleChoice>
            <simpleChoice class1="" identifier="ChoiceD">
                <p class1="" id="11" label="Times New Roman">
                    <span class1="" id="16">24</span>
                </p>
            </simpleChoice>
        </choiceInteraction>
    </itemBody>
</assessmentItem>
