<?xml version="1.0" encoding="UTF-8" standalone="yes"?>
<assessmentItem xmlns="http://www.imsglobal.org/xsd/imsqti_v2p0" adaptive="false" identifier="id" timeDependent="false" title="iupo">
    <responseDeclaration cardinality="single" identifier="RESPONSE">
        <correctResponse>
            <value>B</value>
        </correctResponse>
        <mapping defaultValue="0.0">
            <mapEntry mapKey="TBD" mappedValue="1.0"/>
        </mapping>
    </responseDeclaration>
    <itemBody class1="" id="mc">
        <p class1="" id="11" label="Times New Roman">
            <span class1="" id="16">This table shows the cost of a first class postage stamp in 2001. What amount is it?
</span>
            <table class1="" id="1">
                <tbody class1="">
                    <tr class1="">
                        <td class1="" headers="">WAYS TO MAKE THE COST OF A STAMP IN 2001</td>
                    </tr>
                    <tr class1="">
                        <td class1="" headers="">Quarters</td>
                        <td class1="" headers="">Dimes</td>
                        <td class1="" headers="">Nickels</td>
                        <td class1="" headers="">Pennies</td>
                        <td class1="" headers="">Total Cost</td>
                    </tr>
                    <tr class1="">
                        <td class1="" headers="">
                            <img alt="Look at text image." class1="" height="27" src="/temp-images/testitems/92794/itemimages/1280386478_45_1.png" width="15"/>
                        </td>
                        <td class1="" headers="">
                            <img alt="Look at text image." class1="" height="17" src="/temp-images/testitems/92794/itemimages/1280386478_45_2.png" width="31"/>
                        </td>
                        <td class1="" headers="">
                            <img alt="Look at text image." class1="" height="27" src="/temp-images/testitems/92794/itemimages/1280386478_45_3.png" width="15"/>
                        </td>
                        <td class1="" headers="">
                            <img alt="Look at text image." class1="" height="27" src="/temp-images/testitems/92794/itemimages/1280386478_45_4.png" width="32"/>
                        </td>
                        <td class1="" headers="">?</td>
                    </tr>
                    <tr class1="">
                        <td class1="" headers=""> </td>
                        <td class1="" headers="">
                            <img alt="Look at text image." class1="" height="26" src="/temp-images/testitems/92794/itemimages/1280386478_45_5.png" width="23"/>
                        </td>
                        <td class1="" headers="">
                            <img alt="Look at text image." class1="" height="22" src="/temp-images/testitems/92794/itemimages/1280386478_45_6.png" width="31"/>
                        </td>
                        <td class1="" headers="">
                            <img alt="Look at text image." class1="" height="27" src="/temp-images/testitems/92794/itemimages/1280386478_45_7.png" width="32"/>
                        </td>
                        <td class1="" headers="">?</td>
                    </tr>
                    <tr class1="">
                        <td class1="" headers=""> </td>
                        <td class1="" headers="">
                            <img alt="Look at text image." class1="" height="27" src="/temp-images/testitems/92794/itemimages/1280386478_45_8.png" width="18"/>
                        </td>
                        <td class1="" headers="">
                            <img alt="Look at text image." class1="" height="27" src="/temp-images/testitems/92794/itemimages/1280386478_45_9.png" width="18"/>
                        </td>
                        <td class1="" headers="">
                            <img alt="Look at text image." class1="" height="27" src="/temp-images/testitems/92794/itemimages/1280386478_45_10.png" width="32"/>
                        </td>
                        <td class1="" headers="">?</td>
                    </tr>
                    <tr class1="">
                        <td class1="" headers=""> </td>
                        <td class1="" headers="">
                            <img alt="Look at text image." class1="" height="27" src="/temp-images/testitems/92794/itemimages/1280386478_45_11.png" width="15"/>
                        </td>
                        <td class1="" headers="">
                            <img alt="Look at text image." class1="" height="21" src="/temp-images/testitems/92794/itemimages/1280386478_45_12.png" width="31"/>
                            <img alt="Look at text image." class1="" height="30" src="/temp-images/testitems/92794/itemimages/1280386478_45_13.png" width="16"/>
                        </td>
                        <td class1="" headers="">
                            <img alt="Look at text image." class1="" height="27" src="/temp-images/testitems/92794/itemimages/1280386478_45_14.png" width="32"/>
                        </td>
                        <td class1="" headers="">?</td>
                    </tr>
                </tbody>
            </table>
        </p>
        <choiceInteraction class1="" maxChoices="1" responseIdentifier="RESPONSE" shuffle="false">
            <simpleChoice class1="" identifier="ChoiceA">
                <p class1="" id="11" label="Times New Roman">
                    <span class1="" id="16">32¢</span>
                </p>
            </simpleChoice>
            <simpleChoice class1="" identifier="ChoiceB">
                <p class1="" id="11" label="Times New Roman">
                    <span class1="" id="16">34¢</span>
                </p>
            </simpleChoice>
            <simpleChoice class1="" identifier="ChoiceC">
                <p class1="" id="11" label="Times New Roman">
                    <span class1="" id="16">37¢</span>
                </p>
            </simpleChoice>
            <simpleChoice class1="" identifier="ChoiceD">
                <p class1="" id="11" label="Times New Roman">
                    <span class1="" id="16">38¢</span>
                </p>
            </simpleChoice>
        </choiceInteraction>
    </itemBody>
</assessmentItem>
