<?xml version="1.0" encoding="UTF-8" standalone="yes"?>
<assessmentItem xmlns="http://www.imsglobal.org/xsd/imsqti_v2p0" adaptive="false" identifier="id" timeDependent="false" title="iupo">
    <responseDeclaration cardinality="single" identifier="RESPONSE">
        <correctResponse>
            <value>A</value>
        </correctResponse>
        <mapping defaultValue="0.0">
            <mapEntry mapKey="TBD" mappedValue="1.0"/>
        </mapping>
    </responseDeclaration>
    <itemBody class1="" id="mc">
        <p class1="" id="11" label="Times New Roman">
            <span class1="" id="16">Ben paid 50¢ for a pen. He used these coins to pay.
</span>
            <img alt="Look at text image." class1="" height="69" src="/temp-images/testitems/92794/itemimages/1280386478_50_1.png" width="68"/>
            <img alt="Look at text image." class1="" height="69" src="/temp-images/testitems/92794/itemimages/1280386478_50_2.png" width="68"/>
            <span class1="" id="16">Which set of coins shows another way to make 50¢?</span>
        </p>
        <choiceInteraction class1="" maxChoices="1" responseIdentifier="RESPONSE" shuffle="false">
            <simpleChoice class1="" identifier="ChoiceA">
                <p class1="" id="11" label="Times New Roman">
                    <img alt="Look at text image." class1="" height="62" src="/temp-images/testitems/92794/itemimages/1280386478_50_3.png" width="61"/>
                    <img alt="Look at text image." class1="" height="48" src="/temp-images/testitems/92794/itemimages/1280386478_50_4.png" width="47"/>
                    <img alt="Look at text image." class1="" height="48" src="/temp-images/testitems/92794/itemimages/1280386478_50_5.png" width="47"/>
                    <img alt="Look at text image." class1="" height="61" src="/temp-images/testitems/92794/itemimages/1280386478_50_6.png" width="59"/>
                </p>
            </simpleChoice>
            <simpleChoice class1="" identifier="ChoiceB">
                <p class1="" id="11" label="Times New Roman">
                    <img alt="Look at text image." class1="" height="83" src="/temp-images/testitems/92794/itemimages/1280386478_50_7.png" width="85"/>
                    <img alt="Look at text image." class1="" height="61" src="/temp-images/testitems/92794/itemimages/1280386478_50_8.png" width="59"/>
                </p>
            </simpleChoice>
            <simpleChoice class1="" identifier="ChoiceC">
                <p class1="" id="11" label="Times New Roman">
                    <img alt="Look at text image." class1="" height="62" src="/temp-images/testitems/92794/itemimages/1280386478_50_9.png" width="61"/>
                    <img alt="Look at text image." class1="" height="62" src="/temp-images/testitems/92794/itemimages/1280386478_50_10.png" width="61"/>
                    <img alt="Look at text image." class1="" height="48" src="/temp-images/testitems/92794/itemimages/1280386478_50_11.png" width="47"/>
                    <img alt="Look at text image." class1="" height="48" src="/temp-images/testitems/92794/itemimages/1280386478_50_12.png" width="47"/>
                </p>
            </simpleChoice>
            <simpleChoice class1="" identifier="ChoiceD">
                <p class1="" id="11" label="Times New Roman">
                    <img alt="Look at text image." class1="" height="83" src="/temp-images/testitems/92794/itemimages/1280386478_50_13.png" width="85"/>
                    <img alt="Look at text image." class1="" height="61" src="/temp-images/testitems/92794/itemimages/1280386478_50_14.png" width="59"/>
                    <img alt="Look at text image." class1="" height="61" src="/temp-images/testitems/92794/itemimages/1280386478_50_15.png" width="59"/>
                </p>
            </simpleChoice>
        </choiceInteraction>
    </itemBody>
</assessmentItem>
