<?xml version="1.0" encoding="UTF-8" standalone="yes"?>
<assessmentItem xmlns="http://www.imsglobal.org/xsd/imsqti_v2p0" adaptive="false" identifier="id" timeDependent="false" title="iupo">
    <responseDeclaration cardinality="single" identifier="RESPONSE">
        <correctResponse>
            <value>B</value>
        </correctResponse>
        <mapping defaultValue="0.0">
            <mapEntry mapKey="TBD" mappedValue="1.0"/>
        </mapping>
    </responseDeclaration>
    <itemBody class1="" id="mc">
        <p class1="" id="11" label="Times New Roman">
            <span class1="" id="16">Start with 44. 
Count by 2s.
What are the next two numbers?
</span>
            <table class1="" id="1">
                <tbody class1="">
                    <tr class1="">
                        <td class1="" headers="">41</td>
                        <td class1="" headers="">42</td>
                        <td class1="" headers="">43</td>
                        <td class1="" headers="">44</td>
                        <td class1="" headers="">45</td>
                        <td class1="" headers="">46</td>
                        <td class1="" headers="">47</td>
                        <td class1="" headers="">48</td>
                        <td class1="" headers="">49</td>
                        <td class1="" headers="">50</td>
                    </tr>
                    <tr class1="">
                        <td class1="" headers="">51</td>
                        <td class1="" headers="">52</td>
                        <td class1="" headers="">53</td>
                        <td class1="" headers="">54</td>
                        <td class1="" headers="">55</td>
                        <td class1="" headers="">56</td>
                        <td class1="" headers="">57</td>
                        <td class1="" headers="">58</td>
                        <td class1="" headers="">59</td>
                        <td class1="" headers="">60</td>
                    </tr>
                    <tr class1="">
                        <td class1="" headers="">61</td>
                        <td class1="" headers="">62</td>
                        <td class1="" headers="">63</td>
                        <td class1="" headers="">64</td>
                        <td class1="" headers="">65</td>
                        <td class1="" headers="">66</td>
                        <td class1="" headers="">67</td>
                        <td class1="" headers="">68</td>
                        <td class1="" headers="">69</td>
                        <td class1="" headers="">70</td>
                    </tr>
                </tbody>
            </table>
        </p>
        <choiceInteraction class1="" maxChoices="1" responseIdentifier="RESPONSE" shuffle="false">
            <simpleChoice class1="" identifier="ChoiceA">
                <p class1="" id="11" label="Times New Roman">
                    <span class1="" id="16">44, 46</span>
                </p>
            </simpleChoice>
            <simpleChoice class1="" identifier="ChoiceB">
                <p class1="" id="11" label="Times New Roman">
                    <span class1="" id="16">46, 48</span>
                </p>
            </simpleChoice>
            <simpleChoice class1="" identifier="ChoiceC">
                <p class1="" id="11" label="Times New Roman">
                    <span class1="" id="16">45, 46</span>
                </p>
            </simpleChoice>
            <simpleChoice class1="" identifier="ChoiceD">
                <p class1="" id="11" label="Times New Roman">
                    <span class1="" id="16">48, 50</span>
                </p>
            </simpleChoice>
        </choiceInteraction>
    </itemBody>
</assessmentItem>
