<?xml version="1.0" encoding="UTF-8" standalone="yes"?>
<assessmentItem xmlns="http://www.imsglobal.org/xsd/imsqti_v2p0" adaptive="false" identifier="id" timeDependent="false" title="iupo">
    <responseDeclaration cardinality="single" identifier="RESPONSE">
        <correctResponse>
            <value>C</value>
        </correctResponse>
        <mapping defaultValue="0.0">
            <mapEntry mapKey="TBD" mappedValue="1.0"/>
        </mapping>
    </responseDeclaration>
    <itemBody class1="" id="mc">
        <p class1="" id="11" label="Times New Roman">
            <span class1="" id="16">Count the tens and ones. What is the number?
</span>
            <img alt="Look at text image." class1="" height="144" src="/temp-images/testitems/92794/itemimages/1280386478_17_1.png" width="66"/>
            <img alt="Look at text image." class1="" height="144" src="/temp-images/testitems/92794/itemimages/1280386478_17_2.png" width="66"/>
            <img alt="Look at text image." class1="" height="144" src="/temp-images/testitems/92794/itemimages/1280386478_17_3.png" width="66"/>
            <img alt="Look at text image." class1="" height="34" src="/temp-images/testitems/92794/itemimages/1280386478_17_4.png" width="34"/>
            <img alt="Look at text image." class1="" height="34" src="/temp-images/testitems/92794/itemimages/1280386478_17_5.png" width="34"/>
            <img alt="Look at text image." class1="" height="34" src="/temp-images/testitems/92794/itemimages/1280386478_17_6.png" width="34"/>
        </p>
        <choiceInteraction class1="" maxChoices="1" responseIdentifier="RESPONSE" shuffle="false">
            <simpleChoice class1="" identifier="ChoiceA">
                <p class1="" id="11" label="Times New Roman">
                    <span class1="" id="16">3 tens and 1 ones is 31 in all.</span>
                </p>
            </simpleChoice>
            <simpleChoice class1="" identifier="ChoiceB">
                <p class1="" id="11" label="Times New Roman">
                    <span class1="" id="16">3 tens and 2 ones is 32 in all.</span>
                </p>
            </simpleChoice>
            <simpleChoice class1="" identifier="ChoiceC">
                <p class1="" id="11" label="Times New Roman">
                    <span class1="" id="16">3 tens and 3 ones is 33 in all.</span>
                </p>
            </simpleChoice>
            <simpleChoice class1="" identifier="ChoiceD">
                <p class1="" id="11" label="Times New Roman">
                    <span class1="" id="16">4 tens and 3 ones is 43 in all.</span>
                </p>
            </simpleChoice>
        </choiceInteraction>
    </itemBody>
</assessmentItem>
