<?xml version="1.0" encoding="UTF-8" standalone="yes"?>
<assessmentItem xmlns="http://www.imsglobal.org/xsd/imsqti_v2p0" adaptive="false" identifier="id" timeDependent="false" title="iupo">
    <responseDeclaration cardinality="single" identifier="RESPONSE">
        <correctResponse>
            <value>D</value>
        </correctResponse>
        <mapping defaultValue="0.0">
            <mapEntry mapKey="TBD" mappedValue="1.0"/>
        </mapping>
    </responseDeclaration>
    <itemBody class1="" id="mc">
        <p class1="" id="11" label="Times New Roman">
            <span class1="" id="16">Put the numbers in order from </span>
            <span class1="">greatest  to </span>
            <span class1="">greatest  to </span>
            <span class1="">least .
</span>
            <span class1="">least .
</span>
            <table class1="" id="1">
                <tbody class1="">
                    <tr class1="">
                        <td class1="" headers="">6</td>
                        <td class1="" headers="">3</td>
                        <td class1="" headers="">8</td>
                    </tr>
                </tbody>
            </table>
        </p>
        <choiceInteraction class1="" maxChoices="1" responseIdentifier="RESPONSE" shuffle="false">
            <simpleChoice class1="" identifier="ChoiceA">
                <p class1="" id="11" label="Times New Roman">
                    <span class1="" id="16">3, 8, 6</span>
                </p>
            </simpleChoice>
            <simpleChoice class1="" identifier="ChoiceB">
                <p class1="" id="11" label="Times New Roman">
                    <span class1="" id="16">6, 3, 8</span>
                </p>
            </simpleChoice>
            <simpleChoice class1="" identifier="ChoiceC">
                <p class1="" id="11" label="Times New Roman">
                    <span class1="" id="16">3, 6, 8</span>
                </p>
            </simpleChoice>
            <simpleChoice class1="" identifier="ChoiceD">
                <p class1="" id="11" label="Times New Roman">
                    <span class1="" id="16">8, 6, 3</span>
                </p>
            </simpleChoice>
        </choiceInteraction>
    </itemBody>
</assessmentItem>
