<?xml version="1.0" encoding="UTF-8" standalone="yes"?>
<assessmentItem xmlns="http://www.imsglobal.org/xsd/imsqti_v2p0" adaptive="false" identifier="id" timeDependent="false" title="iupo">
    <responseDeclaration cardinality="single" identifier="RESPONSE">
        <correctResponse>
            <value>D</value>
        </correctResponse>
        <mapping defaultValue="0.0">
            <mapEntry mapKey="TBD" mappedValue="1.0"/>
        </mapping>
    </responseDeclaration>
    <itemBody class1="" id="mc">
        <p class1="" id="11" label="Times New Roman">
            <span class1="" id="16">Use the hundred chart. Start at 66. Count on 5.
</span>
            <span class1="" id="16">Where are you?
</span>
            <table class1="" id="1">
                <tbody class1="">
                    <tr class1="">
                        <td class1="" headers="">1</td>
                        <td class1="" headers="">2</td>
                        <td class1="" headers="">3</td>
                        <td class1="" headers="">4</td>
                        <td class1="" headers="">5</td>
                        <td class1="" headers="">6</td>
                        <td class1="" headers="">7</td>
                        <td class1="" headers="">8</td>
                        <td class1="" headers="">9</td>
                        <td class1="" headers="">10</td>
                    </tr>
                    <tr class1="">
                        <td class1="" headers="">11</td>
                        <td class1="" headers="">12</td>
                        <td class1="" headers="">13</td>
                        <td class1="" headers="">14</td>
                        <td class1="" headers="">15</td>
                        <td class1="" headers="">16</td>
                        <td class1="" headers="">17</td>
                        <td class1="" headers="">18</td>
                        <td class1="" headers="">19</td>
                        <td class1="" headers="">20</td>
                    </tr>
                    <tr class1="">
                        <td class1="" headers="">21</td>
                        <td class1="" headers="">22</td>
                        <td class1="" headers="">23</td>
                        <td class1="" headers="">24</td>
                        <td class1="" headers="">25</td>
                        <td class1="" headers="">26</td>
                        <td class1="" headers="">27</td>
                        <td class1="" headers="">28</td>
                        <td class1="" headers="">29</td>
                        <td class1="" headers="">30</td>
                    </tr>
                    <tr class1="">
                        <td class1="" headers="">31</td>
                        <td class1="" headers="">32</td>
                        <td class1="" headers="">33</td>
                        <td class1="" headers="">34</td>
                        <td class1="" headers="">35</td>
                        <td class1="" headers="">36</td>
                        <td class1="" headers="">37</td>
                        <td class1="" headers="">38</td>
                        <td class1="" headers="">39</td>
                        <td class1="" headers="">40</td>
                    </tr>
                    <tr class1="">
                        <td class1="" headers="">41</td>
                        <td class1="" headers="">42</td>
                        <td class1="" headers="">43</td>
                        <td class1="" headers="">44</td>
                        <td class1="" headers="">45</td>
                        <td class1="" headers="">46</td>
                        <td class1="" headers="">47</td>
                        <td class1="" headers="">48</td>
                        <td class1="" headers="">49</td>
                        <td class1="" headers="">50</td>
                    </tr>
                    <tr class1="">
                        <td class1="" headers="">51</td>
                        <td class1="" headers="">52</td>
                        <td class1="" headers="">53</td>
                        <td class1="" headers="">54</td>
                        <td class1="" headers="">55</td>
                        <td class1="" headers="">56</td>
                        <td class1="" headers="">57</td>
                        <td class1="" headers="">58</td>
                        <td class1="" headers="">59</td>
                        <td class1="" headers="">60</td>
                    </tr>
                    <tr class1="">
                        <td class1="" headers="">61</td>
                        <td class1="" headers="">62</td>
                        <td class1="" headers="">63</td>
                        <td class1="" headers="">64</td>
                        <td class1="" headers="">65</td>
                        <td class1="" headers="">66</td>
                        <td class1="" headers="">67</td>
                        <td class1="" headers="">68</td>
                        <td class1="" headers="">69</td>
                        <td class1="" headers="">70</td>
                    </tr>
                    <tr class1="">
                        <td class1="" headers="">71</td>
                        <td class1="" headers="">72</td>
                        <td class1="" headers="">73</td>
                        <td class1="" headers="">74</td>
                        <td class1="" headers="">75</td>
                        <td class1="" headers="">76</td>
                        <td class1="" headers="">77</td>
                        <td class1="" headers="">78</td>
                        <td class1="" headers="">79</td>
                        <td class1="" headers="">80</td>
                    </tr>
                    <tr class1="">
                        <td class1="" headers="">81</td>
                        <td class1="" headers="">82</td>
                        <td class1="" headers="">83</td>
                        <td class1="" headers="">84</td>
                        <td class1="" headers="">85</td>
                        <td class1="" headers="">86</td>
                        <td class1="" headers="">87</td>
                        <td class1="" headers="">88</td>
                        <td class1="" headers="">89</td>
                        <td class1="" headers="">90</td>
                    </tr>
                    <tr class1="">
                        <td class1="" headers="">91</td>
                        <td class1="" headers="">92</td>
                        <td class1="" headers="">93</td>
                        <td class1="" headers="">94</td>
                        <td class1="" headers="">95</td>
                        <td class1="" headers="">96</td>
                        <td class1="" headers="">97</td>
                        <td class1="" headers="">98</td>
                        <td class1="" headers="">99</td>
                        <td class1="" headers="">100</td>
                    </tr>
                </tbody>
            </table>
        </p>
        <choiceInteraction class1="" maxChoices="1" responseIdentifier="RESPONSE" shuffle="false">
            <simpleChoice class1="" identifier="ChoiceA">
                <p class1="" id="11" label="Times New Roman">
                    <span class1="" id="16">68</span>
                </p>
            </simpleChoice>
            <simpleChoice class1="" identifier="ChoiceB">
                <p class1="" id="11" label="Times New Roman">
                    <span class1="" id="16">69</span>
                </p>
            </simpleChoice>
            <simpleChoice class1="" identifier="ChoiceC">
                <p class1="" id="11" label="Times New Roman">
                    <span class1="" id="16">70</span>
                </p>
            </simpleChoice>
            <simpleChoice class1="" identifier="ChoiceD">
                <p class1="" id="11" label="Times New Roman">
                    <span class1="" id="16">71</span>
                </p>
            </simpleChoice>
        </choiceInteraction>
    </itemBody>
</assessmentItem>
