<?xml version="1.0" encoding="UTF-8" standalone="yes"?>
<assessmentItem xmlns="http://www.imsglobal.org/xsd/imsqti_v2p0" adaptive="false" identifier="id" timeDependent="false" title="iupo">
    <responseDeclaration cardinality="single" identifier="RESPONSE">
        <correctResponse>
            <value>D</value>
        </correctResponse>
        <mapping defaultValue="0.0">
            <mapEntry mapKey="TBD" mappedValue="1.0"/>
        </mapping>
    </responseDeclaration>
    <itemBody class1="" id="mc">
        <p class1="" id="11" label="Times New Roman">
            <span class1="" id="16">Which picture shows the coins in order from the </span>
            <span class1="">least  to the </span>
            <span class1="">least  to the </span>
            <span class1="">greatest  value?</span>
            <span class1="">greatest  value?</span>
        </p>
        <choiceInteraction class1="" maxChoices="1" responseIdentifier="RESPONSE" shuffle="false">
            <simpleChoice class1="" identifier="ChoiceA">
                <p class1="" id="11" label="Times New Roman">
                    <img alt="Look at text image." class1="" height="69" src="/temp-images/testitems/92794/itemimages/1280386478_51_1.png" width="68"/>
                    <img alt="Look at text image." class1="" height="48" src="/temp-images/testitems/92794/itemimages/1280386478_51_2.png" width="47"/>
                    <img alt="Look at text image." class1="" height="57" src="/temp-images/testitems/92794/itemimages/1280386478_51_3.png" width="60"/>
                </p>
            </simpleChoice>
            <simpleChoice class1="" identifier="ChoiceB">
                <p class1="" id="11" label="Times New Roman">
                    <img alt="Look at text image." class1="" height="57" src="/temp-images/testitems/92794/itemimages/1280386478_51_4.png" width="60"/>
                    <img alt="Look at text image." class1="" height="69" src="/temp-images/testitems/92794/itemimages/1280386478_51_5.png" width="68"/>
                    <img alt="Look at text image." class1="" height="48" src="/temp-images/testitems/92794/itemimages/1280386478_51_6.png" width="47"/>
                </p>
            </simpleChoice>
            <simpleChoice class1="" identifier="ChoiceC">
                <p class1="" id="11" label="Times New Roman">
                    <img alt="Look at text image." class1="" height="48" src="/temp-images/testitems/92794/itemimages/1280386478_51_7.png" width="47"/>
                    <img alt="Look at text image." class1="" height="69" src="/temp-images/testitems/92794/itemimages/1280386478_51_8.png" width="68"/>
                    <img alt="Look at text image." class1="" height="57" src="/temp-images/testitems/92794/itemimages/1280386478_51_9.png" width="60"/>
                </p>
            </simpleChoice>
            <simpleChoice class1="" identifier="ChoiceD">
                <p class1="" id="11" label="Times New Roman">
                    <img alt="Look at text image." class1="" height="57" src="/temp-images/testitems/92794/itemimages/1280386478_51_10.png" width="60"/>
                    <img alt="Look at text image." class1="" height="48" src="/temp-images/testitems/92794/itemimages/1280386478_51_11.png" width="47"/>
                    <img alt="Look at text image." class1="" height="69" src="/temp-images/testitems/92794/itemimages/1280386478_51_12.png" width="68"/>
                </p>
            </simpleChoice>
        </choiceInteraction>
    </itemBody>
</assessmentItem>
