<?xml version="1.0" encoding="UTF-8" standalone="yes"?>
<assessmentItem xmlns="http://www.imsglobal.org/xsd/imsqti_v2p0" adaptive="false" identifier="id" timeDependent="false" title="iupo">
    <responseDeclaration cardinality="single" identifier="RESPONSE">
        <correctResponse>
            <value>C</value>
        </correctResponse>
        <mapping defaultValue="0.0">
            <mapEntry mapKey="TBD" mappedValue="1.0"/>
        </mapping>
    </responseDeclaration>
    <itemBody class1="" id="mc">
        <p class1="" id="11" label="Times New Roman">
            <span class1="" id="16">What is the closest ten to the total number of crackers?
</span>
            <img alt="Look at text image." class1="" height="88" src="/temp-images/testitems/92794/itemimages/1280386478_28_1.png" width="108"/>
            <img alt="Look at text image." class1="" height="88" src="/temp-images/testitems/92794/itemimages/1280386478_28_2.png" width="108"/>
            <img alt="Look at text image." class1="" height="88" src="/temp-images/testitems/92794/itemimages/1280386478_28_3.png" width="108"/>
            <img alt="Look at text image." class1="" height="88" src="/temp-images/testitems/92794/itemimages/1280386478_28_4.png" width="108"/>
            <img alt="Look at text image." class1="" height="36" src="/temp-images/testitems/92794/itemimages/1280386478_28_5.png" width="116"/>
        </p>
        <choiceInteraction class1="" maxChoices="1" responseIdentifier="RESPONSE" shuffle="false">
            <simpleChoice class1="" identifier="ChoiceA">
                <p class1="" id="11" label="Times New Roman">
                    <span class1="" id="16">33</span>
                </p>
            </simpleChoice>
            <simpleChoice class1="" identifier="ChoiceB">
                <p class1="" id="11" label="Times New Roman">
                    <span class1="" id="16">38</span>
                </p>
            </simpleChoice>
            <simpleChoice class1="" identifier="ChoiceC">
                <p class1="" id="11" label="Times New Roman">
                    <span class1="" id="16">40</span>
                </p>
            </simpleChoice>
            <simpleChoice class1="" identifier="ChoiceD">
                <p class1="" id="11" label="Times New Roman">
                    <span class1="" id="16">50</span>
                </p>
            </simpleChoice>
        </choiceInteraction>
    </itemBody>
</assessmentItem>
