<?xml version="1.0" encoding="UTF-8" standalone="yes"?>
<assessmentItem xmlns="http://www.imsglobal.org/xsd/imsqti_v2p0" adaptive="false" identifier="id" timeDependent="false" title="iupo">
    <responseDeclaration cardinality="single" identifier="RESPONSE">
        <correctResponse>
            <value>B</value>
        </correctResponse>
        <mapping defaultValue="0.0">
            <mapEntry mapKey="TBD" mappedValue="1.0"/>
        </mapping>
    </responseDeclaration>
    <itemBody class1="" id="mc">
        <p class1="" id="11" label="Times New Roman">
            <span class1="" id="16">Which number do you say when you count by 5s?
</span>
            <table class1="" id="1">
                <tbody class1="">
                    <tr class1="">
                        <td class1="" headers="">31</td>
                        <td class1="" headers="">32</td>
                        <td class1="" headers="">33</td>
                        <td class1="" headers="">34</td>
                        <td class1="" headers="">35</td>
                        <td class1="" headers="">36</td>
                        <td class1="" headers="">37</td>
                        <td class1="" headers="">38</td>
                        <td class1="" headers="">39</td>
                        <td class1="" headers="">40</td>
                    </tr>
                    <tr class1="">
                        <td class1="" headers="">41</td>
                        <td class1="" headers="">42</td>
                        <td class1="" headers="">43</td>
                        <td class1="" headers="">44</td>
                        <td class1="" headers="">45</td>
                        <td class1="" headers="">46</td>
                        <td class1="" headers="">47</td>
                        <td class1="" headers="">48</td>
                        <td class1="" headers="">49</td>
                        <td class1="" headers="">50</td>
                    </tr>
                    <tr class1="">
                        <td class1="" headers="">51</td>
                        <td class1="" headers="">52</td>
                        <td class1="" headers="">53</td>
                        <td class1="" headers="">54</td>
                        <td class1="" headers="">55</td>
                        <td class1="" headers="">56</td>
                        <td class1="" headers="">57</td>
                        <td class1="" headers="">58</td>
                        <td class1="" headers="">59</td>
                        <td class1="" headers="">60</td>
                    </tr>
                </tbody>
            </table>
        </p>
        <choiceInteraction class1="" maxChoices="1" responseIdentifier="RESPONSE" shuffle="false">
            <simpleChoice class1="" identifier="ChoiceA">
                <p class1="" id="11" label="Times New Roman">
                    <span class1="" id="16">31</span>
                </p>
            </simpleChoice>
            <simpleChoice class1="" identifier="ChoiceB">
                <p class1="" id="11" label="Times New Roman">
                    <span class1="" id="16">45</span>
                </p>
            </simpleChoice>
            <simpleChoice class1="" identifier="ChoiceC">
                <p class1="" id="11" label="Times New Roman">
                    <span class1="" id="16">54</span>
                </p>
            </simpleChoice>
            <simpleChoice class1="" identifier="ChoiceD">
                <p class1="" id="11" label="Times New Roman">
                    <span class1="" id="16">58</span>
                </p>
            </simpleChoice>
        </choiceInteraction>
    </itemBody>
</assessmentItem>
