<?xml version="1.0" encoding="UTF-8" standalone="yes"?>
<assessmentItem xmlns="http://www.imsglobal.org/xsd/imsqti_v2p0" adaptive="false" identifier="id" timeDependent="false" title="iupo">
    <responseDeclaration cardinality="single" identifier="RESPONSE">
        <correctResponse>
            <value>D</value>
        </correctResponse>
        <mapping defaultValue="0.0">
            <mapEntry mapKey="TBD" mappedValue="1.0"/>
        </mapping>
    </responseDeclaration>
    <itemBody class1="" id="mc">
        <p class1="" id="11" label="Times New Roman">
            <span class1="" id="16">What number is missing from the pattern?
</span>
            <img alt="Look at text image." class1="" height="67" src="/temp-images/testitems/92794/itemimages/1280386478_34_1.png" width="49"/>
            <img alt="Look at text image." class1="" height="67" src="/temp-images/testitems/92794/itemimages/1280386478_34_2.png" width="49"/>
            <img alt="Look at text image." class1="" height="67" src="/temp-images/testitems/92794/itemimages/1280386478_34_3.png" width="49"/>
            <img alt="Look at text image." class1="" height="67" src="/temp-images/testitems/92794/itemimages/1280386478_34_4.png" width="49"/>
            <img alt="Look at text image." class1="" height="67" src="/temp-images/testitems/92794/itemimages/1280386478_34_5.png" width="49"/>
            <img alt="Look at text image." class1="" height="67" src="/temp-images/testitems/92794/itemimages/1280386478_34_6.png" width="49"/>
            <img alt="Look at text image." class1="" height="67" src="/temp-images/testitems/92794/itemimages/1280386478_34_7.png" width="49"/>
        </p>
        <choiceInteraction class1="" maxChoices="1" responseIdentifier="RESPONSE" shuffle="false">
            <simpleChoice class1="" identifier="ChoiceA">
                <p class1="" id="11" label="Times New Roman">
                    <span class1="" id="16">27</span>
                </p>
            </simpleChoice>
            <simpleChoice class1="" identifier="ChoiceB">
                <p class1="" id="11" label="Times New Roman">
                    <span class1="" id="16">24</span>
                </p>
            </simpleChoice>
            <simpleChoice class1="" identifier="ChoiceC">
                <p class1="" id="11" label="Times New Roman">
                    <span class1="" id="16">25</span>
                </p>
            </simpleChoice>
            <simpleChoice class1="" identifier="ChoiceD">
                <p class1="" id="11" label="Times New Roman">
                    <span class1="" id="16">26</span>
                </p>
            </simpleChoice>
        </choiceInteraction>
    </itemBody>
</assessmentItem>
