<?xml version="1.0" encoding="UTF-8" standalone="yes"?>
<assessmentItem xmlns="http://www.imsglobal.org/xsd/imsqti_v2p0" adaptive="false" identifier="id" timeDependent="false" title="iupo">
    <responseDeclaration cardinality="single" identifier="RESPONSE">
        <correctResponse>
            <value>A</value>
        </correctResponse>
        <mapping defaultValue="0.0">
            <mapEntry mapKey="TBD" mappedValue="1.0"/>
        </mapping>
    </responseDeclaration>
    <itemBody class1="" id="mc">
        <p class1="" id="11" label="Times New Roman">
            <span class1="" id="16">Josh gave the clerk 70¢ for an apple which cost 58¢. How much change did he receive?</span>
        </p>
        <choiceInteraction class1="" maxChoices="1" responseIdentifier="RESPONSE" shuffle="false">
            <simpleChoice class1="" identifier="ChoiceA">
                <p class1="" id="11" label="Times New Roman">
                    <img alt="Look at text image." class1="" height="59" src="/temp-images/testitems/92794/itemimages/1280386478_43_1.png" width="62"/>
                    <img alt="Look at text image." class1="" height="59" src="/temp-images/testitems/92794/itemimages/1280386478_43_2.png" width="62"/>
                    <img alt="Look at text image." class1="" height="55" src="/temp-images/testitems/92794/itemimages/1280386478_43_3.png" width="55"/>
                </p>
            </simpleChoice>
            <simpleChoice class1="" identifier="ChoiceB">
                <p class1="" id="11" label="Times New Roman">
                    <img alt="Look at text image." class1="" height="64" src="/temp-images/testitems/92794/itemimages/1280386478_43_4.png" width="62"/>
                    <img alt="Look at text image." class1="" height="64" src="/temp-images/testitems/92794/itemimages/1280386478_43_5.png" width="62"/>
                    <img alt="Look at text image." class1="" height="64" src="/temp-images/testitems/92794/itemimages/1280386478_43_6.png" width="62"/>
                </p>
            </simpleChoice>
            <simpleChoice class1="" identifier="ChoiceC">
                <p class1="" id="11" label="Times New Roman">
                    <img alt="Look at text image." class1="" height="59" src="/temp-images/testitems/92794/itemimages/1280386478_43_7.png" width="62"/>
                    <img alt="Look at text image." class1="" height="55" src="/temp-images/testitems/92794/itemimages/1280386478_43_8.png" width="55"/>
                    <img alt="Look at text image." class1="" height="55" src="/temp-images/testitems/92794/itemimages/1280386478_43_9.png" width="55"/>
                </p>
            </simpleChoice>
            <simpleChoice class1="" identifier="ChoiceD">
                <p class1="" id="11" label="Times New Roman">
                    <img alt="Look at text image." class1="" height="64" src="/temp-images/testitems/92794/itemimages/1280386478_43_10.png" width="62"/>
                    <img alt="Look at text image." class1="" height="64" src="/temp-images/testitems/92794/itemimages/1280386478_43_11.png" width="62"/>
                    <img alt="Look at text image." class1="" height="73" src="/temp-images/testitems/92794/itemimages/1280386478_43_12.png" width="73"/>
                </p>
            </simpleChoice>
        </choiceInteraction>
    </itemBody>
</assessmentItem>
