<?xml version="1.0" encoding="UTF-8" standalone="yes"?>
<assessmentItem adaptive="false" identifier="item" timeDependent="false" title="" xmlns="http://www.imsglobal.org/xsd/imsqti_v2p0">
<responseDeclaration cardinality="single" identifier="RESPONSE">
<correctResponse>
<value>A</value>
</correctResponse>
</responseDeclaration>
<itemBody id="mc">
<div id="14" label="Times">Which figure below appears to be congruent to this polygon?<br/>
<img alt="Test Image" height="68" src="/temp-images/testitems/91885/itemimages/IN_SF_EN_MA_G4_2004_00_0024_1.png" width="96"/>
</div>
<choiceInteraction maxChoices="1" responseIdentifier="RESPONSE" shuffle="false">
<simpleChoice identifier="ChoiceA">
<p id="14" label="Times">
<img alt="Test Image" height="68" src="/temp-images/testitems/91885/itemimages/IN_SF_EN_MA_G4_2004_00_0024_2.png" width="67"/>
</p>
</simpleChoice>
<simpleChoice identifier="ChoiceB">
<p id="14" label="Times">
<img alt="Test Image" height="68" src="/temp-images/testitems/91885/itemimages/IN_SF_EN_MA_G4_2004_00_0024_3.png" width="77"/>
</p>
</simpleChoice>
<simpleChoice identifier="ChoiceC">
<p id="14" label="Times">
<img alt="Test Image" height="77" src="/temp-images/testitems/91885/itemimages/IN_SF_EN_MA_G4_2004_00_0024_4.png" width="77"/>
</p>
</simpleChoice>
<simpleChoice identifier="ChoiceD">
<p id="14" label="Times">
<img alt="Test Image" height="58" src="/temp-images/testitems/91885/itemimages/IN_SF_EN_MA_G4_2004_00_0024_5.png" width="58"/>
</p>
</simpleChoice>
</choiceInteraction>
</itemBody>
</assessmentItem>
