<?xml version="1.0" encoding="UTF-8" standalone="yes"?>
<assessmentItem adaptive="false" identifier="item" timeDependent="false" title="" xmlns="http://www.imsglobal.org/xsd/imsqti_v2p0">
<responseDeclaration cardinality="single" identifier="RESPONSE">
<correctResponse>
<value>D</value>
</correctResponse>
</responseDeclaration>
<itemBody id="mc">
<div id="14" label="Times">There are 27 students in Mr. Becker’s class. He needs to put them in 3 groups. How many students will be in each group?</div>
<choiceInteraction maxChoices="1" responseIdentifier="RESPONSE" shuffle="false">
<simpleChoice identifier="ChoiceA">
<p id="14" label="Times">6 students</p>
</simpleChoice>
<simpleChoice identifier="ChoiceB">
<p id="14" label="Times">7 students</p>
</simpleChoice>
<simpleChoice identifier="ChoiceC">
<p id="14" label="Times">8 students</p>
</simpleChoice>
<simpleChoice identifier="ChoiceD">
<p id="14" label="Times">9 students</p>
</simpleChoice>
</choiceInteraction>
</itemBody>
</assessmentItem>
