<?xml version="1.0" encoding="UTF-8" standalone="yes"?>
<assessmentItem adaptive="false" identifier="item" timeDependent="false" title="" xmlns="http://www.imsglobal.org/xsd/imsqti_v2p0">
<responseDeclaration cardinality="single" identifier="RESPONSE">
<correctResponse>
<value>D</value>
</correctResponse>
</responseDeclaration>
<itemBody id="mc">
<div id="14" label="Times">
<span>What is the area of the rectangle?<br/>
</span>
<img alt="Test Image" height="131" src="/temp-images/testitems/91885/itemimages/IN_SF_EN_MA_G4_2004_00_0026_1.png" width="213"/>
</div>
<choiceInteraction maxChoices="1" responseIdentifier="RESPONSE" shuffle="false">
<simpleChoice identifier="ChoiceA">
<p id="14" label="Times">8 square feet</p>
</simpleChoice>
<simpleChoice identifier="ChoiceB">
<p id="14" label="Times">18 square feet</p>
</simpleChoice>
<simpleChoice identifier="ChoiceC">
<p id="14" label="Times">22 square feet</p>
</simpleChoice>
<simpleChoice identifier="ChoiceD">
<p id="14" label="Times">24 square feet</p>
</simpleChoice>
</choiceInteraction>
</itemBody>
</assessmentItem>
