<?xml version="1.0" encoding="UTF-8" standalone="yes"?>
<assessmentItem adaptive="false" identifier="item" timeDependent="false" title="" xmlns="http://www.imsglobal.org/xsd/imsqti_v2p0">
<responseDeclaration cardinality="single" identifier="RESPONSE">
<correctResponse>
<value>B</value>
</correctResponse>
</responseDeclaration>
<itemBody id="mc">
<div id="14" label="Times">What is the word name for 973?</div>
<choiceInteraction maxChoices="1" responseIdentifier="RESPONSE" shuffle="false">
<simpleChoice identifier="ChoiceA">
<p id="14" label="Times">nine hundred seventeen</p>
</simpleChoice>
<simpleChoice identifier="ChoiceB">
<p id="14" label="Times">nine hundred seventy-three </p>
</simpleChoice>
<simpleChoice identifier="ChoiceC">
<p id="14" label="Times">nine hundred thirty-seven</p>
</simpleChoice>
<simpleChoice identifier="ChoiceD">
<p id="14" label="Times">nine seventy</p>
</simpleChoice>
</choiceInteraction>
</itemBody>
</assessmentItem>
