<?xml version="1.0" encoding="UTF-8" standalone="yes"?>
<assessmentItem adaptive="false" identifier="item" timeDependent="false" title="" xmlns="http://www.imsglobal.org/xsd/imsqti_v2p0">
<responseDeclaration cardinality="single" identifier="RESPONSE">
<correctResponse>
<value>B</value>
</correctResponse>
</responseDeclaration>
<itemBody id="mc">
<div id="14" label="Times">Find the sum of 56 and 27.<br/>
</div>
<choiceInteraction maxChoices="1" responseIdentifier="RESPONSE" shuffle="false">
<simpleChoice identifier="ChoiceA">
<p id="14" label="Times">713</p>
</simpleChoice>
<simpleChoice identifier="ChoiceB">
<p id="14" label="Times">83</p>
</simpleChoice>
<simpleChoice identifier="ChoiceC">
<p id="14" label="Times">73</p>
</simpleChoice>
<simpleChoice identifier="ChoiceD">
<p id="14" label="Times">20</p>
</simpleChoice>
</choiceInteraction>
</itemBody>
</assessmentItem>
