<?xml version="1.0" encoding="UTF-8" standalone="yes"?>
<assessmentItem adaptive="false" identifier="item" timeDependent="false" title="" xmlns="http://www.imsglobal.org/xsd/imsqti_v2p0">
<responseDeclaration cardinality="single" identifier="RESPONSE">
<correctResponse>
<value>C</value>
</correctResponse>
</responseDeclaration>
<itemBody id="mc">
<div id="14" label="Times">What is the missing number?<br/>6 + __ = 15<br/>
</div>
<choiceInteraction maxChoices="1" responseIdentifier="RESPONSE" shuffle="false">
<simpleChoice identifier="ChoiceA">
<p id="14" label="Times">6 </p>
</simpleChoice>
<simpleChoice identifier="ChoiceB">
<p id="14" label="Times">8</p>
</simpleChoice>
<simpleChoice identifier="ChoiceC">
<p id="14" label="Times">9 </p>
</simpleChoice>
<simpleChoice identifier="ChoiceD">
<p id="14" label="Times">21 </p>
</simpleChoice>
</choiceInteraction>
</itemBody>
</assessmentItem>
