<?xml version="1.0" encoding="UTF-8" standalone="yes"?>
<assessmentItem adaptive="false" identifier="item" timeDependent="false" title="" xmlns="http://www.imsglobal.org/xsd/imsqti_v2p0">
<responseDeclaration cardinality="single" identifier="RESPONSE">
<correctResponse>
<value>C</value>
</correctResponse>
</responseDeclaration>
<itemBody id="mc">
<div id="14" label="Times">
<span>What field trip location was chosen by the MOST students?<br/>
</span>
<span id="12">
<span label="Arial">
<b>                          FIELD TRIP CHOICES</b>
</span>
<br/>
</span>
<img alt="Test Image" height="248" src="/temp-images/testitems/91885/itemimages/IN_SF_EN_MA_G4_2004_00_0015_1.png" width="326"/>
<br/>
<b>
<span label="Arial">
<span id="12">
<img alt="Test Image" height="25" src="/temp-images/testitems/91885/itemimages/IN_SF_EN_MA_G4_2004_00_0015_2.png" width="23"/>
<img alt="Test Image" height="25" src="/temp-images/testitems/91885/itemimages/IN_SF_EN_MA_G4_2004_00_0015_3.png" width="23"/>
<img alt="Test Image" height="25" src="/temp-images/testitems/91885/itemimages/IN_SF_EN_MA_G4_2004_00_0015_4.png" width="23"/>
<img alt="Test Image" height="25" src="/temp-images/testitems/91885/itemimages/IN_SF_EN_MA_G4_2004_00_0015_5.png" width="23"/>
<img alt="Test Image" height="25" src="/temp-images/testitems/91885/itemimages/IN_SF_EN_MA_G4_2004_00_0015_6.png" width="23"/>
<img alt="Test Image" height="25" src="/temp-images/testitems/91885/itemimages/IN_SF_EN_MA_G4_2004_00_0015_7.png" width="23"/>Locations</span>
</span>
</b>
</div>
<choiceInteraction maxChoices="1" responseIdentifier="RESPONSE" shuffle="false">
<simpleChoice identifier="ChoiceA">
<p id="14" label="Times">Planetarium</p>
</simpleChoice>
<simpleChoice identifier="ChoiceB">
<p id="14" label="Times">Aquarium</p>
</simpleChoice>
<simpleChoice identifier="ChoiceC">
<p id="14" label="Times">Science Museum</p>
</simpleChoice>
<simpleChoice identifier="ChoiceD">
<p id="14" label="Times">Space Center</p>
</simpleChoice>
</choiceInteraction>
</itemBody>
</assessmentItem>
