<?xml version="1.0" encoding="UTF-8" standalone="yes"?>
<assessmentItem adaptive="false" identifier="item" timeDependent="false" title="" xmlns="http://www.imsglobal.org/xsd/imsqti_v2p0">
<responseDeclaration cardinality="single" identifier="RESPONSE">
<correctResponse>
<value>A</value>
</correctResponse>
</responseDeclaration>
<itemBody id="mc">
<div id="14" label="Times">
<span>What is the rule for the table below?<br/>
</span>
<table id="1" label="276">
<tbody>
<tr>
<td colspan="1" label="84">
<span>
<b>
<span label="Arial">
<span id="12">In</span>
</span>
</b>
</span>
</td>
<td colspan="1" label="48">
<div class="center">
<span label="Arial">
<span id="12">1</span>
</span>
</div>
</td>
<td colspan="1" label="48">
<div class="center">
<span label="Arial">
<span id="12">2</span>
</span>
</div>
</td>
<td colspan="1" label="48">
<div class="center">
<span label="Arial">
<span id="12">3</span>
</span>
</div>
</td>
<td colspan="1" label="48">
<div class="center">
<span label="Arial">
<span id="12">4</span>
</span>
</div>
</td>
</tr>
<tr>
<td colspan="1" label="84">
<span>
<b>
<span label="Arial">
<span id="12">Out</span>
</span>
</b>
</span>
</td>
<td colspan="1" label="48">
<div class="center">
<span label="Arial">
<span id="12">3</span>
</span>
</div>
</td>
<td colspan="1" label="48">
<div class="center">
<span label="Arial">
<span id="12">6</span>
</span>
</div>
</td>
<td colspan="1" label="48">
<div class="center">
<span label="Arial">
<span id="12">9</span>
</span>
</div>
</td>
<td colspan="1" label="48">
<div class="center">
<span label="Arial">
<span id="12">12</span>
</span>
</div>
</td>
</tr>
</tbody>
</table>
</div>
<choiceInteraction maxChoices="1" responseIdentifier="RESPONSE" shuffle="false">
<simpleChoice identifier="ChoiceA">
<p id="14" label="Times">Multiply by 3.</p>
</simpleChoice>
<simpleChoice identifier="ChoiceB">
<p id="14" label="Times">Multiply by 6.</p>
</simpleChoice>
<simpleChoice identifier="ChoiceC">
<p id="14" label="Times">Add 1.</p>
</simpleChoice>
<simpleChoice identifier="ChoiceD">
<p id="14" label="Times">Add 9</p>
</simpleChoice>
</choiceInteraction>
</itemBody>
</assessmentItem>
