<?xml version="1.0" encoding="UTF-8" standalone="yes"?>
<assessmentItem adaptive="false" identifier="item" timeDependent="false" title="" xmlns="http://www.imsglobal.org/xsd/imsqti_v2p0">
<responseDeclaration cardinality="single" identifier="RESPONSE">
<correctResponse>
<value>A</value>
</correctResponse>
</responseDeclaration>
<itemBody id="mc">
<div id="14" label="Times">
<span>Which fraction is less than <img alt="Test Image" height="41" src="/temp-images/testitems/91885/itemimages/IN_SF_EN_MA_G4_2004_00_0029_1.png" width="12"/>?<br/>
</span>
<table id="1" label="288">
<tbody>
<tr>
<td colspan="8" label="288">
<div class="center">
<span label="Arial">
<span id="12">1</span>
</span>
</div>
</td>
</tr>
<tr>
<td colspan="4" label="144">
<div class="center">
<img alt="Test Image" height="43" src="/temp-images/testitems/91885/itemimages/IN_SF_EN_MA_G4_2004_00_0029_2.png" width="13"/>
</div>
</td>
<td colspan="4" label="144">
<div class="center">
<img alt="Test Image" height="43" src="/temp-images/testitems/91885/itemimages/IN_SF_EN_MA_G4_2004_00_0029_3.png" width="13"/>
</div>
</td>
</tr>
<tr>
<td colspan="2" label="72">
<div class="center">
<img alt="Test Image" height="43" src="/temp-images/testitems/91885/itemimages/IN_SF_EN_MA_G4_2004_00_0029_4.png" width="13"/>
</div>
</td>
<td colspan="2" label="72">
<div class="center">
<img alt="Test Image" height="43" src="/temp-images/testitems/91885/itemimages/IN_SF_EN_MA_G4_2004_00_0029_5.png" width="13"/>
</div>
</td>
<td colspan="2" label="72">
<div class="center">
<img alt="Test Image" height="43" src="/temp-images/testitems/91885/itemimages/IN_SF_EN_MA_G4_2004_00_0029_6.png" width="13"/>
</div>
</td>
<td colspan="2" label="72">
<div class="center">
<img alt="Test Image" height="43" src="/temp-images/testitems/91885/itemimages/IN_SF_EN_MA_G4_2004_00_0029_7.png" width="13"/>
</div>
</td>
</tr>
<tr>
<td colspan="1" label="36">
<div class="center">
<img alt="Test Image" height="43" src="/temp-images/testitems/91885/itemimages/IN_SF_EN_MA_G4_2004_00_0029_8.png" width="13"/>
</div>
</td>
<td colspan="1" label="36">
<div class="center">
<img alt="Test Image" height="43" src="/temp-images/testitems/91885/itemimages/IN_SF_EN_MA_G4_2004_00_0029_9.png" width="13"/>
</div>
</td>
<td colspan="1" label="36">
<div class="center">
<img alt="Test Image" height="43" src="/temp-images/testitems/91885/itemimages/IN_SF_EN_MA_G4_2004_00_0029_10.png" width="13"/>
</div>
</td>
<td colspan="1" label="36">
<div class="center">
<img alt="Test Image" height="43" src="/temp-images/testitems/91885/itemimages/IN_SF_EN_MA_G4_2004_00_0029_11.png" width="13"/>
</div>
</td>
<td colspan="1" label="36">
<div class="center">
<img alt="Test Image" height="43" src="/temp-images/testitems/91885/itemimages/IN_SF_EN_MA_G4_2004_00_0029_12.png" width="13"/>
</div>
</td>
<td colspan="1" label="36">
<div class="center">
<img alt="Test Image" height="43" src="/temp-images/testitems/91885/itemimages/IN_SF_EN_MA_G4_2004_00_0029_13.png" width="13"/>
</div>
</td>
<td colspan="1" label="36">
<div class="center">
<img alt="Test Image" height="43" src="/temp-images/testitems/91885/itemimages/IN_SF_EN_MA_G4_2004_00_0029_14.png" width="13"/>
</div>
</td>
<td colspan="1" label="36">
<div class="center">
<img alt="Test Image" height="43" src="/temp-images/testitems/91885/itemimages/IN_SF_EN_MA_G4_2004_00_0029_15.png" width="13"/>
</div>
</td>
</tr>
</tbody>
</table>
</div>
<choiceInteraction maxChoices="1" responseIdentifier="RESPONSE" shuffle="false">
<simpleChoice identifier="ChoiceA">
<p id="14" label="Times">
<img alt="Test Image" height="41" src="/temp-images/testitems/91885/itemimages/IN_SF_EN_MA_G4_2004_00_0029_16.png" width="12"/>
</p>
</simpleChoice>
<simpleChoice identifier="ChoiceB">
<p id="14" label="Times">
<img alt="Test Image" height="41" src="/temp-images/testitems/91885/itemimages/IN_SF_EN_MA_G4_2004_00_0029_17.png" width="12"/>
</p>
</simpleChoice>
<simpleChoice identifier="ChoiceC">
<p id="14" label="Times">
<img alt="Test Image" height="41" src="/temp-images/testitems/91885/itemimages/IN_SF_EN_MA_G4_2004_00_0029_18.png" width="12"/>
</p>
</simpleChoice>
<simpleChoice identifier="ChoiceD">
<p id="14" label="Times">
<img alt="Test Image" height="41" src="/temp-images/testitems/91885/itemimages/IN_SF_EN_MA_G4_2004_00_0029_19.png" width="12"/>
</p>
</simpleChoice>
</choiceInteraction>
</itemBody>
</assessmentItem>
