<?xml version="1.0" encoding="UTF-8" standalone="yes"?>
<assessmentItem adaptive="false" identifier="item" timeDependent="false" title="" xmlns="http://www.imsglobal.org/xsd/imsqti_v2p0">
<responseDeclaration cardinality="single" identifier="RESPONSE">
<correctResponse>
<value>B</value>
</correctResponse>
</responseDeclaration>
<itemBody id="mc">
<div id="14" label="Times">
<span>Lincoln School is collecting food for charity. How many cans did they collect on Tuesday and Wednesday?<br/>
</span>
<table id="1" label="312">
<tbody>
<tr>
<td colspan="2" label="312">
<div class="center">
<b>
<span label="Arial">
<span id="12">CANNED FOOD DRIVE</span>
</span>
</b>
</div>
</td>
</tr>
<tr>
<td colspan="1" label="144">
<div class="center">
<b>
<span label="Arial">
<span id="12">Day</span>
</span>
</b>
</div>
</td>
<td colspan="1" label="168">
<div class="center">
<b>
<span label="Arial">
<span id="12">Cans Collected</span>
</span>
</b>
</div>
</td>
</tr>
<tr>
<td colspan="1" label="144">
<div class="center">
<span label="Arial">
<span id="12">Tuesday</span>
</span>
</div>
</td>
<td colspan="1" label="168">
<div class="center">
<span label="Arial">
<span id="12">382</span>
</span>
</div>
</td>
</tr>
<tr>
<td colspan="1" label="144">
<div class="center">
<span label="Arial">
<span id="12">Wednesday</span>
</span>
</div>
</td>
<td colspan="1" label="168">
<div class="center">
<span label="Arial">
<span id="12">422</span>
</span>
</div>
</td>
</tr>
</tbody>
</table>
</div>
<choiceInteraction maxChoices="1" responseIdentifier="RESPONSE" shuffle="false">
<simpleChoice identifier="ChoiceA">
<p id="14" label="Times">814 cans</p>
</simpleChoice>
<simpleChoice identifier="ChoiceB">
<p id="14" label="Times">804 cans</p>
</simpleChoice>
<simpleChoice identifier="ChoiceC">
<p id="14" label="Times">794 cans</p>
</simpleChoice>
<simpleChoice identifier="ChoiceD">
<p id="14" label="Times">704 cans</p>
</simpleChoice>
</choiceInteraction>
</itemBody>
</assessmentItem>
