<?xml version="1.0" encoding="UTF-8" standalone="yes"?>
<assessmentItem adaptive="false" identifier="item" timeDependent="false" title="" xmlns="http://www.imsglobal.org/xsd/imsqti_v2p0">
<responseDeclaration cardinality="single" identifier="RESPONSE">
<correctResponse>
<value>D</value>
</correctResponse>
</responseDeclaration>
<itemBody id="mc">
<div id="14" label="Times">Before Ray can begin his art assignment, he has to divide his piece of paper into 6 equal parts. Which shows the piece of paper divided into 6 equal parts?</div>
<choiceInteraction maxChoices="1" responseIdentifier="RESPONSE" shuffle="false">
<simpleChoice identifier="ChoiceA">
<p id="14" label="Times">
<img alt="Test Image" height="115" src="/temp-images/testitems/91885/itemimages/IN_SF_EN_MA_G4_2004_00_0027_1.png" width="102"/>
</p>
</simpleChoice>
<simpleChoice identifier="ChoiceB">
<p id="14" label="Times">
<img alt="Test Image" height="114" src="/temp-images/testitems/91885/itemimages/IN_SF_EN_MA_G4_2004_00_0027_2.png" width="102"/>
</p>
</simpleChoice>
<simpleChoice identifier="ChoiceC">
<p id="14" label="Times">
<img alt="Test Image" height="114" src="/temp-images/testitems/91885/itemimages/IN_SF_EN_MA_G4_2004_00_0027_3.png" width="102"/>
</p>
</simpleChoice>
<simpleChoice identifier="ChoiceD">
<p id="14" label="Times">
<img alt="Test Image" height="115" src="/temp-images/testitems/91885/itemimages/IN_SF_EN_MA_G4_2004_00_0027_4.png" width="102"/>
</p>
</simpleChoice>
</choiceInteraction>
</itemBody>
</assessmentItem>
