<?xml version="1.0" encoding="UTF-8" standalone="yes"?>
<assessmentItem adaptive="false" identifier="item" timeDependent="false" title="" xmlns="http://www.imsglobal.org/xsd/imsqti_v2p0">
<responseDeclaration cardinality="single" identifier="RESPONSE">
<correctResponse>
<value>D</value>
</correctResponse>
</responseDeclaration>
<itemBody id="mc">
<div id="14" label="Times">Which number is less than 4,615?<br/>
<img alt="Test Image" height="36" src="/temp-images/testitems/91885/itemimages/IN_SF_EN_MA_G4_2004_00_0003_1.png" width="36"/>&lt; 4,615<br/>
</div>
<choiceInteraction maxChoices="1" responseIdentifier="RESPONSE" shuffle="false">
<simpleChoice identifier="ChoiceA">
<p id="14" label="Times">4,624</p>
</simpleChoice>
<simpleChoice identifier="ChoiceB">
<p id="14" label="Times">4,631</p>
</simpleChoice>
<simpleChoice identifier="ChoiceC">
<p id="14" label="Times">4,629</p>
</simpleChoice>
<simpleChoice identifier="ChoiceD">
<p id="14" label="Times">4,594</p>
</simpleChoice>
</choiceInteraction>
</itemBody>
</assessmentItem>
