<?xml version="1.0" encoding="UTF-8" standalone="yes"?>
<assessmentItem adaptive="false" identifier="item" timeDependent="false" title="" xmlns="http://www.imsglobal.org/xsd/imsqti_v2p0">
<responseDeclaration cardinality="single" identifier="RESPONSE">
<correctResponse>
<value>A</value>
</correctResponse>
</responseDeclaration>
<itemBody id="mc">
<div id="14" label="Times">
<span>The clock below shows the time that art class starts in the morning.<br/>
</span>
<img alt="Test Image" height="115" src="/temp-images/testitems/91885/itemimages/IN_SF_EN_MA_G4_2004_00_0014_1.png" width="116"/>
<br/>What time does art class start?</div>
<choiceInteraction maxChoices="1" responseIdentifier="RESPONSE" shuffle="false">
<simpleChoice identifier="ChoiceA">
<p id="14" label="Times">7:45 <span id="12">A.M.</span>
</p>
</simpleChoice>
<simpleChoice identifier="ChoiceB">
<p id="14" label="Times">7:45 <span id="12">P.M.</span>
</p>
</simpleChoice>
<simpleChoice identifier="ChoiceC">
<p id="14" label="Times">8:45 <span id="12">A.M.</span>
</p>
</simpleChoice>
<simpleChoice identifier="ChoiceD">
<p id="14" label="Times">7:15 <span id="12">A.M.</span>
</p>
</simpleChoice>
</choiceInteraction>
</itemBody>
</assessmentItem>
