<?xml version="1.0" encoding="UTF-8" standalone="yes"?>
<assessmentItem adaptive="false" identifier="item" timeDependent="false" title="" xmlns="http://www.imsglobal.org/xsd/imsqti_v2p0">
<responseDeclaration cardinality="single" identifier="RESPONSE">
<correctResponse>
<value>C</value>
</correctResponse>
</responseDeclaration>
<itemBody id="mc">
<div id="14" label="Times">
<span>Two neighboring farms raised squashes. The table shows the number of squashes harvested at each farm. How many more squashes did Henry’s Farm raise than Green Acres?<br/>
</span>
<table id="1" label="312">
<tbody>
<tr>
<td colspan="2" label="312">
<div class="center">
<b>
<span label="Arial">
<span id="12">SQUASH HARVEST</span>
</span>
</b>
</div>
</td>
</tr>
<tr>
<td colspan="1" label="144">
<div class="center">
<b>
<span label="Arial">
<span id="12">Farm</span>
</span>
</b>
</div>
</td>
<td colspan="1" label="168">
<div class="center">
<b>
<span label="Arial">
<span id="12">Squashes Harvested</span>
</span>
</b>
</div>
</td>
</tr>
<tr>
<td colspan="1" label="144">
<div class="center">
<span label="Arial">
<span id="12">Henry’s</span>
</span>
</div>
</td>
<td colspan="1" label="168">
<div class="center">481</div>
</td>
</tr>
<tr>
<td colspan="1" label="144">
<div class="center">
<span label="Arial">
<span id="12">Green Acres</span>
</span>
</div>
</td>
<td colspan="1" label="168">
<div class="center">238</div>
</td>
</tr>
</tbody>
</table>
</div>
<choiceInteraction maxChoices="1" responseIdentifier="RESPONSE" shuffle="false">
<simpleChoice identifier="ChoiceA">
<p id="14" label="Times">143 more squashes</p>
</simpleChoice>
<simpleChoice identifier="ChoiceB">
<p id="14" label="Times">237 more squashes</p>
</simpleChoice>
<simpleChoice identifier="ChoiceC">
<p id="14" label="Times">243 more squashes</p>
</simpleChoice>
<simpleChoice identifier="ChoiceD">
<p id="14" label="Times">257 more squashes</p>
</simpleChoice>
</choiceInteraction>
</itemBody>
</assessmentItem>
