<?xml version="1.0" encoding="UTF-8" standalone="yes"?>
<assessmentItem adaptive="false" identifier="item" timeDependent="false" title="" xmlns="http://www.imsglobal.org/xsd/imsqti_v2p0">
<responseDeclaration cardinality="single" identifier="RESPONSE">
<correctResponse>
<value>D</value>
</correctResponse>
</responseDeclaration>
<itemBody id="mc">
<div id="14" label="Times">
<span>Lauren saw a group of 13 gulls at the beach. Then 7 gulls flew away. How many gulls were left?<br/>
<img alt="Test Image" height="114" src="/temp-images/testitems/91885/itemimages/IN_SF_EN_MA_G4_2004_00_0008_1.png" width="120"/>
</span>
</div>
<choiceInteraction maxChoices="1" responseIdentifier="RESPONSE" shuffle="false">
<simpleChoice identifier="ChoiceA">
<p id="14" label="Times">20 gulls</p>
</simpleChoice>
<simpleChoice identifier="ChoiceB">
<p id="14" label="Times"> 8 gulls</p>
</simpleChoice>
<simpleChoice identifier="ChoiceC">
<p id="14" label="Times">7 gulls	</p>
</simpleChoice>
<simpleChoice identifier="ChoiceD">
<p id="14" label="Times">6 gulls</p>
</simpleChoice>
</choiceInteraction>
</itemBody>
</assessmentItem>
