<?xml version="1.0" encoding="UTF-8" standalone="yes"?>
<assessmentItem adaptive="false" identifier="item" timeDependent="false" title="" xmlns="http://www.imsglobal.org/xsd/imsqti_v2p0">
<responseDeclaration cardinality="single" identifier="RESPONSE">
<correctResponse>
<value>C</value>
</correctResponse>
</responseDeclaration>
<itemBody id="mc">
<div id="14" label="Times">What is the product of 7 and 8?<br/>
</div>
<choiceInteraction maxChoices="1" responseIdentifier="RESPONSE" shuffle="false">
<simpleChoice identifier="ChoiceA">
<p id="14" label="Times">47</p>
</simpleChoice>
<simpleChoice identifier="ChoiceB">
<p id="14" label="Times">54</p>
</simpleChoice>
<simpleChoice identifier="ChoiceC">
<p id="14" label="Times">56</p>
</simpleChoice>
<simpleChoice identifier="ChoiceD">
<p id="14" label="Times">64</p>
</simpleChoice>
</choiceInteraction>
</itemBody>
</assessmentItem>
