<?xml version="1.0" encoding="UTF-8" standalone="yes"?>
<assessmentItem adaptive="false" identifier="item" timeDependent="false" title="" xmlns="http://www.imsglobal.org/xsd/imsqti_v2p0">
<responseDeclaration cardinality="single" identifier="RESPONSE">
<correctResponse>
<value>A</value>
</correctResponse>
</responseDeclaration>
<itemBody id="mc">
<div id="14" label="Times">What fraction of this rectangle is shaded?<br/>
<img alt="Test Image" height="97" src="/temp-images/testitems/91885/itemimages/IN_SF_EN_MA_G4_2004_00_0028_1.png" width="168"/>
<br/>
</div>
<choiceInteraction maxChoices="1" responseIdentifier="RESPONSE" shuffle="false">
<simpleChoice identifier="ChoiceA">
<p id="14" label="Times">
<img alt="Test Image" height="41" src="/temp-images/testitems/91885/itemimages/IN_SF_EN_MA_G4_2004_00_0028_2.png" width="12"/>
</p>
</simpleChoice>
<simpleChoice identifier="ChoiceB">
<p id="14" label="Times">3</p>
</simpleChoice>
<simpleChoice identifier="ChoiceC">
<p id="14" label="Times">
<img alt="Test Image" height="41" src="/temp-images/testitems/91885/itemimages/IN_SF_EN_MA_G4_2004_00_0028_3.png" width="12"/>
</p>
</simpleChoice>
<simpleChoice identifier="ChoiceD">
<p id="14" label="Times">
<img alt="Test Image" height="41" src="/temp-images/testitems/91885/itemimages/IN_SF_EN_MA_G4_2004_00_0028_4.png" width="12"/>
</p>
</simpleChoice>
</choiceInteraction>
</itemBody>
</assessmentItem>
