<?xml version="1.0" encoding="UTF-8" standalone="yes"?>
<assessmentItem adaptive="false" identifier="item" timeDependent="false" title="" xmlns="http://www.imsglobal.org/xsd/imsqti_v2p0">
<responseDeclaration cardinality="single" identifier="RESPONSE">
<correctResponse>
<value>C</value>
</correctResponse>
</responseDeclaration>
<itemBody id="mc">
<div id="14" label="Times">
<span>Subtract <img alt="Test Image" height="41" src="/temp-images/testitems/91885/itemimages/IN_SF_EN_MA_G4_2004_00_0032_2.png" width="12"/> from <img alt="Test Image" height="41" src="/temp-images/testitems/91885/itemimages/IN_SF_EN_MA_G4_2004_00_0032_3.png" width="12"/>. What is the difference?<br/>
<img alt="Test Image" height="79" src="/temp-images/testitems/91885/itemimages/IN_SF_EN_MA_G4_2004_00_0032_1.png" width="280"/>
</span>
</div>
<choiceInteraction maxChoices="1" responseIdentifier="RESPONSE" shuffle="false">
<simpleChoice identifier="ChoiceA">
<p id="14" label="Times">
<img alt="Test Image" height="41" src="/temp-images/testitems/91885/itemimages/IN_SF_EN_MA_G4_2004_00_0032_4.png" width="19"/>
</p>
</simpleChoice>
<simpleChoice identifier="ChoiceB">
<p id="14" label="Times">
<img alt="Test Image" height="41" src="/temp-images/testitems/91885/itemimages/IN_SF_EN_MA_G4_2004_00_0032_5.png" width="19"/>
</p>
</simpleChoice>
<simpleChoice identifier="ChoiceC">
<p id="14" label="Times">
<img alt="Test Image" height="41" src="/temp-images/testitems/91885/itemimages/IN_SF_EN_MA_G4_2004_00_0032_6.png" width="12"/>
</p>
</simpleChoice>
<simpleChoice identifier="ChoiceD">
<p id="14" label="Times">2</p>
</simpleChoice>
</choiceInteraction>
</itemBody>
</assessmentItem>
