<?xml version="1.0" encoding="UTF-8" standalone="yes"?>
<assessmentItem adaptive="false" identifier="item" timeDependent="false" title="" xmlns="http://www.imsglobal.org/xsd/imsqti_v2p0">
<responseDeclaration cardinality="single" identifier="RESPONSE">
<correctResponse>
<value>A</value>
</correctResponse>
</responseDeclaration>
<itemBody id="mc">
<div id="14" label="Times">Which number sentence does NOT belong to the same fact family?<br/>
</div>
<choiceInteraction maxChoices="1" responseIdentifier="RESPONSE" shuffle="false">
<simpleChoice identifier="ChoiceA">
<p id="14" label="Times">4 + 9 = 13</p>
</simpleChoice>
<simpleChoice identifier="ChoiceB">
<p id="14" label="Times">4 <img alt="Test Image" height="25" src="/temp-images/testitems/91885/itemimages/IN_SF_EN_MA_G4_2004_00_0020_1.png" width="11"/> 9 = 36</p>
</simpleChoice>
<simpleChoice identifier="ChoiceC">
<p id="14" label="Times">36 <img alt="Test Image" height="25" src="/temp-images/testitems/91885/itemimages/IN_SF_EN_MA_G4_2004_00_0020_2.png" width="11"/> 9 = 4</p>
</simpleChoice>
<simpleChoice identifier="ChoiceD">
<p id="14" label="Times">9 <img alt="Test Image" height="25" src="/temp-images/testitems/91885/itemimages/IN_SF_EN_MA_G4_2004_00_0020_3.png" width="11"/> 4 = 36</p>
</simpleChoice>
</choiceInteraction>
</itemBody>
</assessmentItem>
