<?xml version="1.0" encoding="UTF-8" standalone="yes"?>
<assessmentItem adaptive="false" identifier="item" timeDependent="false" title="" xmlns="http://www.imsglobal.org/xsd/imsqti_v2p0">
<responseDeclaration cardinality="single" identifier="RESPONSE">
<correctResponse>
<value>A</value>
</correctResponse>
</responseDeclaration>
<itemBody id="mc">
<div id="14" label="Times">Which unit would be best to measure the length of a beetle?<br/>
</div>
<choiceInteraction maxChoices="1" responseIdentifier="RESPONSE" shuffle="false">
<simpleChoice identifier="ChoiceA">
<p id="14" label="Times">centimeters</p>
</simpleChoice>
<simpleChoice identifier="ChoiceB">
<p id="14" label="Times">kilograms</p>
</simpleChoice>
<simpleChoice identifier="ChoiceC">
<p id="14" label="Times">kilometers</p>
</simpleChoice>
<simpleChoice identifier="ChoiceD">
<p id="14" label="Times">meters</p>
</simpleChoice>
</choiceInteraction>
</itemBody>
</assessmentItem>
