<?xml version="1.0" encoding="UTF-8" standalone="yes"?>
<assessmentItem adaptive="false" identifier="item" timeDependent="false" title="" xmlns="http://www.imsglobal.org/xsd/imsqti_v2p0">
<responseDeclaration cardinality="single" identifier="RESPONSE">
<correctResponse>
<value>B</value>
</correctResponse>
</responseDeclaration>
<itemBody id="mc">
<div id="14" label="Times">How much money is shown?<br/>
<br/>	<img alt="Test Image" height="96" src="/temp-images/testitems/91885/itemimages/IN_SF_EN_MA_G4_2004_00_0006_1.png" width="166"/>
<br/>
</div>
<choiceInteraction maxChoices="1" responseIdentifier="RESPONSE" shuffle="false">
<simpleChoice identifier="ChoiceA">
<p id="14" label="Times">$0.70</p>
</simpleChoice>
<simpleChoice identifier="ChoiceB">
<p id="14" label="Times">$0.72</p>
</simpleChoice>
<simpleChoice identifier="ChoiceC">
<p id="14" label="Times">$0.73</p>
</simpleChoice>
<simpleChoice identifier="ChoiceD">
<p id="14" label="Times">$0.82</p>
</simpleChoice>
</choiceInteraction>
</itemBody>
</assessmentItem>
