<?xml version="1.0" encoding="UTF-8" standalone="yes"?>
<assessmentItem adaptive="false" identifier="item" timeDependent="false" title="" xmlns="http://www.imsglobal.org/xsd/imsqti_v2p0">
<responseDeclaration cardinality="single" identifier="RESPONSE">
<correctResponse>
<value>C</value>
</correctResponse>
</responseDeclaration>
<itemBody id="mc">
<div id="14" label="Times">What is the missing number in the pattern?<br/>4, 8, 12, 16, ___, 24<br/>
</div>
<choiceInteraction maxChoices="1" responseIdentifier="RESPONSE" shuffle="false">
<simpleChoice identifier="ChoiceA">
<p id="14" label="Times">26</p>
</simpleChoice>
<simpleChoice identifier="ChoiceB">
<p id="14" label="Times">21</p>
</simpleChoice>
<simpleChoice identifier="ChoiceC">
<p id="14" label="Times">20</p>
</simpleChoice>
<simpleChoice identifier="ChoiceD">
<p id="14" label="Times">27</p>
</simpleChoice>
</choiceInteraction>
</itemBody>
</assessmentItem>
