<?xml version="1.0" encoding="UTF-8" standalone="yes"?>
<assessmentItem adaptive="false" identifier="item" timeDependent="false" title="" xmlns="http://www.imsglobal.org/xsd/imsqti_v2p0">
<responseDeclaration cardinality="single" identifier="RESPONSE">
<correctResponse>
<value>A</value>
</correctResponse>
</responseDeclaration>
<itemBody id="mc">
<div id="14" label="Times">
<span>How many groups of 9 squares are in this array?<br/>
</span>
<img alt="Test Image" height="31" src="/temp-images/testitems/91885/itemimages/IN_SF_EN_MA_G4_2004_00_0016_1.png" width="303"/>
<br/>
<img alt="Test Image" height="31" src="/temp-images/testitems/91885/itemimages/IN_SF_EN_MA_G4_2004_00_0016_2.png" width="303"/>
<br/>
<img alt="Test Image" height="31" src="/temp-images/testitems/91885/itemimages/IN_SF_EN_MA_G4_2004_00_0016_3.png" width="303"/>
<br/>
<img alt="Test Image" height="31" src="/temp-images/testitems/91885/itemimages/IN_SF_EN_MA_G4_2004_00_0016_4.png" width="303"/>
<br/>
</div>
<choiceInteraction maxChoices="1" responseIdentifier="RESPONSE" shuffle="false">
<simpleChoice identifier="ChoiceA">
<p id="14" label="Times">4</p>
</simpleChoice>
<simpleChoice identifier="ChoiceB">
<p id="14" label="Times">3</p>
</simpleChoice>
<simpleChoice identifier="ChoiceC">
<p id="14" label="Times">2</p>
</simpleChoice>
<simpleChoice identifier="ChoiceD">
<p id="14" label="Times">1</p>
</simpleChoice>
</choiceInteraction>
</itemBody>
</assessmentItem>
