<?xml version="1.0" encoding="UTF-8" standalone="yes"?>
<assessmentItem adaptive="false" identifier="item" timeDependent="false" title="" xmlns="http://www.imsglobal.org/xsd/imsqti_v2p0">
<responseDeclaration cardinality="single" identifier="RESPONSE">
<correctResponse>
<value>A</value>
</correctResponse>
</responseDeclaration>
<itemBody id="mc">
<div id="14" label="Times">What mixed number does the picture show?<br/>
<img alt="Test Image" height="40" src="/temp-images/testitems/91885/itemimages/IN_SF_EN_MA_G4_2004_00_0033_1.png" width="126"/>
<img alt="Test Image" height="40" src="/temp-images/testitems/91885/itemimages/IN_SF_EN_MA_G4_2004_00_0033_2.png" width="126"/>
<img alt="Test Image" height="40" src="/temp-images/testitems/91885/itemimages/IN_SF_EN_MA_G4_2004_00_0033_3.png" width="126"/>
</div>
<choiceInteraction maxChoices="1" responseIdentifier="RESPONSE" shuffle="false">
<simpleChoice identifier="ChoiceA">
<p id="14" label="Times">2<img alt="Test Image" height="41" src="/temp-images/testitems/91885/itemimages/IN_SF_EN_MA_G4_2004_00_0033_4.png" width="12"/>
</p>
</simpleChoice>
<simpleChoice identifier="ChoiceB">
<p id="14" label="Times">2<img alt="Test Image" height="41" src="/temp-images/testitems/91885/itemimages/IN_SF_EN_MA_G4_2004_00_0033_5.png" width="12"/>
</p>
</simpleChoice>
<simpleChoice identifier="ChoiceC">
<p id="14" label="Times">2<img alt="Test Image" height="41" src="/temp-images/testitems/91885/itemimages/IN_SF_EN_MA_G4_2004_00_0033_6.png" width="12"/>
</p>
</simpleChoice>
<simpleChoice identifier="ChoiceD">
<p id="14" label="Times">
<img alt="Test Image" height="41" src="/temp-images/testitems/91885/itemimages/IN_SF_EN_MA_G4_2004_00_0033_7.png" width="19"/>
</p>
</simpleChoice>
</choiceInteraction>
</itemBody>
</assessmentItem>
