<?xml version="1.0" encoding="UTF-8" standalone="yes"?>
<assessmentItem adaptive="false" identifier="item" timeDependent="false" title="" xmlns="http://www.imsglobal.org/xsd/imsqti_v2p0">
<responseDeclaration cardinality="single" identifier="RESPONSE">
<correctResponse>
<value>B</value>
</correctResponse>
</responseDeclaration>
<itemBody id="mc">
<div id="14" label="Times">A bakery sold 254 loaves of bread last week. <br/>
<img alt="Test Image" height="68" src="/temp-images/testitems/91885/itemimages/IN_SF_EN_MA_G4_2004_00_0005_1.png" width="119"/>
<br/>What is 254 rounded to the nearest ten?<br/>
</div>
<choiceInteraction maxChoices="1" responseIdentifier="RESPONSE" shuffle="false">
<simpleChoice identifier="ChoiceA">
<p id="14" label="Times">240</p>
</simpleChoice>
<simpleChoice identifier="ChoiceB">
<p id="14" label="Times">250</p>
</simpleChoice>
<simpleChoice identifier="ChoiceC">
<p id="14" label="Times">260</p>
</simpleChoice>
<simpleChoice identifier="ChoiceD">
<p id="14" label="Times">300</p>
</simpleChoice>
</choiceInteraction>
</itemBody>
</assessmentItem>
