<?xml version="1.0" encoding="UTF-8" standalone="yes"?>
<assessmentItem adaptive="false" identifier="item" timeDependent="false" title="" xmlns="http://www.imsglobal.org/xsd/imsqti_v2p0">
<responseDeclaration cardinality="single" identifier="RESPONSE">
<correctResponse>
<value>C</value>
</correctResponse>
</responseDeclaration>
<itemBody id="mc">
<div id="14" label="Times">
<span>Add.<span id="12">
<br/>
</span>
</span>
<span id="12"> </span>
<img alt="Test Image" height="60" src="/temp-images/testitems/91885/itemimages/IN_SF_EN_MA_G4_2004_00_0038_1.png" width="52"/>
<span id="12">
<br/>
</span>
</div>
<choiceInteraction maxChoices="1" responseIdentifier="RESPONSE" shuffle="false">
<simpleChoice identifier="ChoiceA">
<p id="14" label="Times">0.2</p>
</simpleChoice>
<simpleChoice identifier="ChoiceB">
<p id="14" label="Times">3</p>
</simpleChoice>
<simpleChoice identifier="ChoiceC">
<p id="14" label="Times">3.2</p>
</simpleChoice>
<simpleChoice identifier="ChoiceD">
<p id="14" label="Times">3.4</p>
</simpleChoice>
</choiceInteraction>
</itemBody>
</assessmentItem>
