<?xml version="1.0" encoding="UTF-8" standalone="yes"?>
<assessmentItem adaptive="false" identifier="item" timeDependent="false" title="" xmlns="http://www.imsglobal.org/xsd/imsqti_v2p0">
<responseDeclaration cardinality="single" identifier="RESPONSE">
<correctResponse>
<value>B</value>
</correctResponse>
</responseDeclaration>
<itemBody id="mc">
<div id="14" label="Times">
<span>What is the solid figure name for the shape of a can?<br/>
<img alt="Test Image" height="140" src="/temp-images/testitems/91885/itemimages/IN_SF_EN_MA_G4_2004_00_0022_1.png" width="108"/>
</span>
</div>
<choiceInteraction maxChoices="1" responseIdentifier="RESPONSE" shuffle="false">
<simpleChoice identifier="ChoiceA">
<p id="14" label="Times">pyramid</p>
</simpleChoice>
<simpleChoice identifier="ChoiceB">
<p id="14" label="Times">cylinder</p>
</simpleChoice>
<simpleChoice identifier="ChoiceC">
<p id="14" label="Times">cube</p>
</simpleChoice>
<simpleChoice identifier="ChoiceD">
<p id="14" label="Times">sphere</p>
</simpleChoice>
</choiceInteraction>
</itemBody>
</assessmentItem>
