<?xml version="1.0" encoding="UTF-8" standalone="yes"?>
<assessmentItem adaptive="false" identifier="item" timeDependent="false" title="" xmlns="http://www.imsglobal.org/xsd/imsqti_v2p0">
<responseDeclaration cardinality="single" identifier="RESPONSE">
<correctResponse>
<value>D</value>
</correctResponse>
</responseDeclaration>
<itemBody id="mc">
<div id="14" label="Times">Which shows <img alt="Test Image" height="41" src="/temp-images/testitems/91885/itemimages/IN_SF_EN_MA_G4_2004_00_0031_22.png" width="12"/> of the set shaded?</div>
<choiceInteraction maxChoices="1" responseIdentifier="RESPONSE" shuffle="false">
<simpleChoice identifier="ChoiceA">
<p id="14" label="Times">
<img alt="Test Image" height="38" src="/temp-images/testitems/91885/itemimages/IN_SF_EN_MA_G4_2004_00_0031_1.png" width="34"/>
<img alt="Test Image" height="38" src="/temp-images/testitems/91885/itemimages/IN_SF_EN_MA_G4_2004_00_0031_2.png" width="34"/>
<img alt="Test Image" height="38" src="/temp-images/testitems/91885/itemimages/IN_SF_EN_MA_G4_2004_00_0031_3.png" width="34"/>
<img alt="Test Image" height="38" src="/temp-images/testitems/91885/itemimages/IN_SF_EN_MA_G4_2004_00_0031_4.png" width="34"/>
</p>
</simpleChoice>
<simpleChoice identifier="ChoiceB">
<p id="14" label="Times">
<img alt="Test Image" height="29" src="/temp-images/testitems/91885/itemimages/IN_SF_EN_MA_G4_2004_00_0031_5.png" width="28"/>
<img alt="Test Image" height="29" src="/temp-images/testitems/91885/itemimages/IN_SF_EN_MA_G4_2004_00_0031_6.png" width="28"/>
<img alt="Test Image" height="29" src="/temp-images/testitems/91885/itemimages/IN_SF_EN_MA_G4_2004_00_0031_7.png" width="28"/>
<img alt="Test Image" height="29" src="/temp-images/testitems/91885/itemimages/IN_SF_EN_MA_G4_2004_00_0031_8.png" width="28"/>
</p>
</simpleChoice>
<simpleChoice identifier="ChoiceC">
<p id="14" label="Times">
<img alt="Test Image" height="38" src="/temp-images/testitems/91885/itemimages/IN_SF_EN_MA_G4_2004_00_0031_9.png" width="34"/>
<img alt="Test Image" height="38" src="/temp-images/testitems/91885/itemimages/IN_SF_EN_MA_G4_2004_00_0031_10.png" width="34"/>
<img alt="Test Image" height="38" src="/temp-images/testitems/91885/itemimages/IN_SF_EN_MA_G4_2004_00_0031_11.png" width="34"/>
<img alt="Test Image" height="38" src="/temp-images/testitems/91885/itemimages/IN_SF_EN_MA_G4_2004_00_0031_12.png" width="34"/>
<img alt="Test Image" height="38" src="/temp-images/testitems/91885/itemimages/IN_SF_EN_MA_G4_2004_00_0031_13.png" width="34"/>
<img alt="Test Image" height="38" src="/temp-images/testitems/91885/itemimages/IN_SF_EN_MA_G4_2004_00_0031_14.png" width="34"/>
<img alt="Test Image" height="38" src="/temp-images/testitems/91885/itemimages/IN_SF_EN_MA_G4_2004_00_0031_15.png" width="34"/>
<img alt="Test Image" height="38" src="/temp-images/testitems/91885/itemimages/IN_SF_EN_MA_G4_2004_00_0031_16.png" width="34"/>
</p>
</simpleChoice>
<simpleChoice identifier="ChoiceD">
<p id="14" label="Times">
<img alt="Test Image" height="29" src="/temp-images/testitems/91885/itemimages/IN_SF_EN_MA_G4_2004_00_0031_17.png" width="28"/>
<img alt="Test Image" height="29" src="/temp-images/testitems/91885/itemimages/IN_SF_EN_MA_G4_2004_00_0031_18.png" width="28"/>
<img alt="Test Image" height="29" src="/temp-images/testitems/91885/itemimages/IN_SF_EN_MA_G4_2004_00_0031_19.png" width="28"/>
<img alt="Test Image" height="29" src="/temp-images/testitems/91885/itemimages/IN_SF_EN_MA_G4_2004_00_0031_20.png" width="28"/>
<img alt="Test Image" height="29" src="/temp-images/testitems/91885/itemimages/IN_SF_EN_MA_G4_2004_00_0031_21.png" width="28"/>
</p>
</simpleChoice>
</choiceInteraction>
</itemBody>
</assessmentItem>
