<?xml version="1.0" encoding="UTF-8" standalone="yes"?>
<assessmentItem adaptive="false" identifier="item" timeDependent="false" title="" xmlns="http://www.imsglobal.org/xsd/imsqti_v2p0">
<responseDeclaration cardinality="single" identifier="RESPONSE">
<correctResponse>
<value>B</value>
</correctResponse>
</responseDeclaration>
<itemBody id="mc">
<div id="14" label="Times">Write as a decimal.<br/>
<span>twenty-seven hundredths</span>
</div>
<choiceInteraction maxChoices="1" responseIdentifier="RESPONSE" shuffle="false">
<simpleChoice identifier="ChoiceA">
<p id="14" label="Times">0.027</p>
</simpleChoice>
<simpleChoice identifier="ChoiceB">
<p id="14" label="Times">0.27</p>
</simpleChoice>
<simpleChoice identifier="ChoiceC">
<p id="14" label="Times">2.700</p>
</simpleChoice>
<simpleChoice identifier="ChoiceD">
<p id="14" label="Times">2,700</p>
</simpleChoice>
</choiceInteraction>
</itemBody>
</assessmentItem>
