<?xml version="1.0" encoding="UTF-8" standalone="yes"?>
<assessmentItem adaptive="false" identifier="item" timeDependent="false" title="" xmlns="http://www.imsglobal.org/xsd/imsqti_v2p0">
<responseDeclaration cardinality="single" identifier="RESPONSE">
<correctResponse>
<value>C</value>
</correctResponse>
</responseDeclaration>
<itemBody id="mc">
<div id="14" label="Times">Andre jogs 10 miles each day of the week. How many miles does he jog each week?<br/>
</div>
<choiceInteraction maxChoices="1" responseIdentifier="RESPONSE" shuffle="false">
<simpleChoice identifier="ChoiceA">
<p id="14" label="Times">10 miles</p>
</simpleChoice>
<simpleChoice identifier="ChoiceB">
<p id="14" label="Times">50 miles</p>
</simpleChoice>
<simpleChoice identifier="ChoiceC">
<p id="14" label="Times">70 miles</p>
</simpleChoice>
<simpleChoice identifier="ChoiceD">
<p id="14" label="Times">100 miles</p>
</simpleChoice>
</choiceInteraction>
</itemBody>
</assessmentItem>
