<?xml version="1.0" encoding="UTF-8" standalone="yes"?>
<assessmentItem adaptive="false" identifier="item" timeDependent="false" title="" xmlns="http://www.imsglobal.org/xsd/imsqti_v2p0">
<responseDeclaration cardinality="single" identifier="RESPONSE">
<correctResponse>
<value>D</value>
</correctResponse>
</responseDeclaration>
<itemBody id="mc">
<div id="14" label="Times">Which is the BEST estimate of 789 – 206?<br/>
</div>
<choiceInteraction maxChoices="1" responseIdentifier="RESPONSE" shuffle="false">
<simpleChoice identifier="ChoiceA">
<p id="14" label="Times">300</p>
</simpleChoice>
<simpleChoice identifier="ChoiceB">
<p id="14" label="Times">400</p>
</simpleChoice>
<simpleChoice identifier="ChoiceC">
<p id="14" label="Times">500</p>
</simpleChoice>
<simpleChoice identifier="ChoiceD">
<p id="14" label="Times">600</p>
</simpleChoice>
</choiceInteraction>
</itemBody>
</assessmentItem>
