<?xml version="1.0" encoding="UTF-8" standalone="yes"?>
<assessmentItem adaptive="false" identifier="item" timeDependent="false" title="" xmlns="http://www.imsglobal.org/xsd/imsqti_v2p0">
<responseDeclaration cardinality="single" identifier="RESPONSE">
<correctResponse>
<value>A</value>
</correctResponse>
</responseDeclaration>
<itemBody id="mc">
<div id="14" label="Times">Melanie bought a science kit for $6.79. She paid with a $10 bill. How much change did she get back?</div>
<choiceInteraction maxChoices="1" responseIdentifier="RESPONSE" shuffle="false">
<simpleChoice identifier="ChoiceA">
<p id="14" label="Times">$3.21</p>
</simpleChoice>
<simpleChoice identifier="ChoiceB">
<p id="14" label="Times">$3.31</p>
</simpleChoice>
<simpleChoice identifier="ChoiceC">
<p id="14" label="Times">$4.21</p>
</simpleChoice>
<simpleChoice identifier="ChoiceD">
<p id="14" label="Times">$4.31</p>
</simpleChoice>
</choiceInteraction>
</itemBody>
</assessmentItem>
