<?xml version="1.0" encoding="UTF-8" standalone="no"?>
<assessmentItem adaptive="false" identifier="item" timeDependent="false" title="" xmlns="http://www.imsglobal.org/xsd/imsqti_v2p0">
<responseDeclaration cardinality="single" identifier="RESPONSE">
<correctResponse>
<value>A</value>
</correctResponse>
</responseDeclaration>
<itemBody id="mc">
<div id="11" label="Times New Roman">Which of the following is a primary producer?</div>
<choiceInteraction maxChoices="1" responseIdentifier="RESPONSE" shuffle="false">
<simpleChoice identifier="ChoiceA">
<p id="11" label="Times New Roman">a producer, like algae</p>
</simpleChoice>
<simpleChoice identifier="ChoiceB">
<p id="11" label="Times New Roman">a carnivore, like a lion</p>
</simpleChoice>
<simpleChoice identifier="ChoiceC">
<p id="11" label="Times New Roman">an omnivore, like a human</p>
</simpleChoice>
<simpleChoice identifier="ChoiceD">
<p id="11" label="Times New Roman">a detritivore, like an earthworm</p>
</simpleChoice>
</choiceInteraction>
</itemBody>
</assessmentItem>
