<?xml version="1.0" encoding="UTF-8" standalone="no"?>
<assessmentItem adaptive="false" identifier="item" timeDependent="false" title="" xmlns="http://www.imsglobal.org/xsd/imsqti_v2p0">
<responseDeclaration cardinality="single" identifier="RESPONSE">
<correctResponse>
<value>A</value>
</correctResponse>
</responseDeclaration>
<itemBody id="mc" label="BIO_10_NA_STP_ch03_BIO_2010_STP_Chapter03_01.xml">
<div id="11" label="Times New Roman">What can you conclude about the ecosystem from the pyramid of numbers shown?</div>
<choiceInteraction maxChoices="1" responseIdentifier="RESPONSE" shuffle="false">
<simpleChoice identifier="ChoiceA">
<p id="11" label="Times New Roman">There are more first-level consumers than primary producers.</p>
</simpleChoice>
<simpleChoice identifier="ChoiceB">
<p id="11" label="Times New Roman">There are more third-level consumers than second-level consumers.</p>
</simpleChoice>
<simpleChoice identifier="ChoiceC">
<p id="11" label="Times New Roman">There are more producers than first-level consumers.</p>
</simpleChoice>
<simpleChoice identifier="ChoiceD">
<p id="11" label="Times New Roman">There are more second-level consumers than third-level consumers.</p>
</simpleChoice>
</choiceInteraction>
</itemBody>
</assessmentItem>
