<?xml version="1.0" encoding="UTF-8" standalone="no"?>
<assessmentItem adaptive="false" identifier="resource" timeDependent="false" title="" xmlns="http://www.imsglobal.org/xsd/imsqti_v2p0">
<itemBody>
<div id="11" label="Times New Roman">Once a month, a pet owner recorded the mass of her puppy in a table. When the puppy was 3 months old, she started to feed it a "special puppy food" she saw advertised on TV.<br/>
<br/>
<img alt="Test Image" height="122" src="/temp-images/testitems/781187/itemimages/BIO_10_NA_STP_ch01_BIO_2010_CH_01_STP_01_01_1.png" width="310"/>
<br/>		</div>
</itemBody>
</assessmentItem>
