<?xml version="1.0" encoding="UTF-8" standalone="no"?>
<assessmentItem adaptive="false" identifier="item" timeDependent="false" title="" xmlns="http://www.imsglobal.org/xsd/imsqti_v2p0">
<responseDeclaration cardinality="single" identifier="RESPONSE">
<correctResponse>
<value>D</value>
</correctResponse>
</responseDeclaration>
<itemBody id="mc" label="BIO_10_NA_STP_ch01_BIO_2010_CH_01_STP_01_01.xml">
<div id="11" label="Times New Roman">All of the following statements about the pet owner's study are true EXCEPT</div>
<choiceInteraction maxChoices="1" responseIdentifier="RESPONSE" shuffle="false">
<simpleChoice identifier="ChoiceA">
<p id="11" label="Times New Roman">The owner used the metric system.</p>
</simpleChoice>
<simpleChoice identifier="ChoiceB">
<p id="11" label="Times New Roman">The owner recorded data.</p>
</simpleChoice>
<simpleChoice identifier="ChoiceC">
<p id="11" label="Times New Roman">The owner could graph the data.</p>
</simpleChoice>
<simpleChoice identifier="ChoiceD">
<p id="11" label="Times New Roman">The owner conducted a controlled experiment.</p>
</simpleChoice>
</choiceInteraction>
</itemBody>
</assessmentItem>
