<?xml version="1.0" encoding="UTF-8" standalone="no"?>
<assessmentItem adaptive="false" identifier="item" timeDependent="false" title="" xmlns="http://www.imsglobal.org/xsd/imsqti_v2p0">
<responseDeclaration cardinality="single" identifier="RESPONSE">
<correctResponse>
<value>A</value>
</correctResponse>
</responseDeclaration>
<itemBody id="mc">
<div id="11" label="Times New Roman">Which of the following statements about a scientific theory is NOT true?</div>
<choiceInteraction maxChoices="1" responseIdentifier="RESPONSE" shuffle="false">
<simpleChoice identifier="ChoiceA">
<p id="11" label="Times New Roman">It has the same meaning in science as it does in daily life.</p>
</simpleChoice>
<simpleChoice identifier="ChoiceB">
<p id="11" label="Times New Roman">It enables scientists to make accurate predictions about new situations.</p>
</simpleChoice>
<simpleChoice identifier="ChoiceC">
<p id="11" label="Times New Roman">Scientific theories tie many hypotheses together.</p>
</simpleChoice>
<simpleChoice identifier="ChoiceD">
<p id="11" label="Times New Roman">It is based on a large body of evidence.</p>
</simpleChoice>
</choiceInteraction>
</itemBody>
</assessmentItem>
