<?xml version="1.0" encoding="UTF-8" standalone="no"?>
<assessmentItem adaptive="false" identifier="item" timeDependent="false" title="" xmlns="http://www.imsglobal.org/xsd/imsqti_v2p0">
<responseDeclaration cardinality="single" identifier="RESPONSE">
<correctResponse>
<value>C</value>
</correctResponse>
</responseDeclaration>
<itemBody id="mc" label="BIO_10_NA_STP_ch01_BIO_2010_CH_01_STP_01_01.xml">
<div id="11" label="Times New Roman">According to the table, which statement is true?</div>
<choiceInteraction maxChoices="1" responseIdentifier="RESPONSE" shuffle="false">
<simpleChoice identifier="ChoiceA">
<p id="11" label="Times New Roman">The puppy's mass increased at the same rate for each month shown.</p>
</simpleChoice>
<simpleChoice identifier="ChoiceB">
<p id="11" label="Times New Roman">The puppy's mass was less than 5 kg at the start of the new diet.</p>
</simpleChoice>
<simpleChoice identifier="ChoiceC">
<p id="11" label="Times New Roman">The puppy gained 5 kg between age 3 and 4 months.</p>
</simpleChoice>
<simpleChoice identifier="ChoiceD">
<p id="11" label="Times New Roman">The puppy had gained 13 kg as a result of the new diet.</p>
</simpleChoice>
</choiceInteraction>
</itemBody>
</assessmentItem>
