<?xml version="1.0" encoding="UTF-8" standalone="no"?>
<assessmentItem adaptive="false" identifier="resource" timeDependent="false" title="" xmlns="http://www.imsglobal.org/xsd/imsqti_v2p0">
<itemBody>
<div id="11" label="Times New Roman">The diagrams below represent the amount of biomass and the numbers of organisms in an ecosystem.<br/>
<br/>
<img alt="Test Image" height="183" src="/temp-images/testitems/781187/itemimages/BIO_10_NA_STP_ch03_BIO_2010_STP_Chapter03_01_1.png" width="350"/>
<br/>		</div>
</itemBody>
</assessmentItem>
