<?xml version="1.0" encoding="UTF-8" standalone="no"?>
<assessmentItem adaptive="false" identifier="item" timeDependent="false" title="" xmlns="http://www.imsglobal.org/xsd/imsqti_v2p0">
<responseDeclaration cardinality="single" identifier="RESPONSE">
<correctResponse>
<value>A</value>
</correctResponse>
</responseDeclaration>
<itemBody id="mc">
<div id="11" label="Times New Roman">One meter is equal to</div>
<choiceInteraction maxChoices="1" responseIdentifier="RESPONSE" shuffle="false">
<simpleChoice identifier="ChoiceA">
<p id="11" label="Times New Roman">1000 millimeters.</p>
</simpleChoice>
<simpleChoice identifier="ChoiceB">
<p id="11" label="Times New Roman">1 millimeter.</p>
</simpleChoice>
<simpleChoice identifier="ChoiceC">
<p id="11" label="Times New Roman">10 kilometers.</p>
</simpleChoice>
<simpleChoice identifier="ChoiceD">
<p id="11" label="Times New Roman">1 milliliter.</p>
</simpleChoice>
</choiceInteraction>
</itemBody>
</assessmentItem>
