<?xml version="1.0" encoding="UTF-8" standalone="no"?>
<assessmentItem adaptive="false" identifier="item" timeDependent="false" title="" xmlns="http://www.imsglobal.org/xsd/imsqti_v2p0">
<responseDeclaration cardinality="single" identifier="RESPONSE">
<correctResponse>
<value>C</value>
</correctResponse>
</responseDeclaration>
<itemBody id="mc" label="BIO_10_NA_STP_ch02_2010_STP_Chapter02_01.xml">
<div id="11" label="Times New Roman">Based on the graph, what can you conclude about the relationship between enzyme concentration and reaction rate?</div>
<choiceInteraction maxChoices="1" responseIdentifier="RESPONSE" shuffle="false">
<simpleChoice identifier="ChoiceA">
<p id="11" label="Times New Roman">Reaction rate decreases with increasing enzyme concentration.</p>
</simpleChoice>
<simpleChoice identifier="ChoiceB">
<p id="11" label="Times New Roman">Reaction rate increases with decreasing enzyme concentration.</p>
</simpleChoice>
<simpleChoice identifier="ChoiceC">
<p id="11" label="Times New Roman">Reaction rate increases with increasing enzyme concentration.</p>
</simpleChoice>
<simpleChoice identifier="ChoiceD">
<p id="11" label="Times New Roman">The variables are indirectly proportional.</p>
</simpleChoice>
</choiceInteraction>
</itemBody>
</assessmentItem>
