<?xml version="1.0" encoding="UTF-8" standalone="no"?>
<assessmentItem adaptive="false" identifier="item" timeDependent="false" title="" xmlns="http://www.imsglobal.org/xsd/imsqti_v2p0">
<responseDeclaration cardinality="single" identifier="RESPONSE">
<correctResponse>
<value>C</value>
</correctResponse>
</responseDeclaration>
<itemBody id="mc" label="BIO_10_NA_STP_ch03_BIO_2010_STP_Chapter03_01.xml">
<div id="11" label="Times New Roman">What can you conclude about the producers in the ecosystem based on the two pyramids shown?</div>
<choiceInteraction maxChoices="1" responseIdentifier="RESPONSE" shuffle="false">
<simpleChoice identifier="ChoiceA">
<p id="11" label="Times New Roman">The producers in the ecosystem are probably very small organisms.</p>
</simpleChoice>
<simpleChoice identifier="ChoiceB">
<p id="11" label="Times New Roman">There are no producers in the ecosystem.</p>
</simpleChoice>
<simpleChoice identifier="ChoiceC">
<p id="11" label="Times New Roman">The producers in the ecosystem are probably large organisms.</p>
</simpleChoice>
<simpleChoice identifier="ChoiceD">
<p id="11" label="Times New Roman">Decomposers in the ecosystem outnumber the producers in the ecosystem.</p>
</simpleChoice>
</choiceInteraction>
</itemBody>
</assessmentItem>
