<?xml version="1.0" encoding="UTF-8" standalone="no"?>
<assessmentItem adaptive="false" identifier="resource" timeDependent="false" title="" xmlns="http://www.imsglobal.org/xsd/imsqti_v2p0">
<itemBody>
<div id="11" label="Times New Roman">The enzyme catalase speeds up the chemical reaction that changes hydrogen peroxide into oxygen and water. The amount of oxygen given off is an indication of the rate of the reaction.<br/>
<br/>
<img alt="Test Image" height="264" src="/temp-images/testitems/781187/itemimages/BIO_10_NA_STP_ch02_2010_STP_Chapter02_01_1.png" width="291"/>
<br/>		</div>
</itemBody>
</assessmentItem>
