<?xml version="1.0" encoding="UTF-8" standalone="yes"?>
<assessmentItem xmlns="http://www.imsglobal.org/xsd/imsqti_v2p0" adaptive="false" identifier="id" timeDependent="false" title="iupo">
    <responseDeclaration cardinality="single" identifier="RESPONSE">
        <correctResponse>
            <value>A</value>
        </correctResponse>
        <mapping defaultValue="0.0">
            <mapEntry mapKey="TBD" mappedValue="1.0"/>
        </mapping>
    </responseDeclaration>
    <itemBody class1="" id="mc">
        <p class1="" id="11" label="Times New Roman">Which product is NOT the same 8 
            <img alt="Look at text image." class1="" height="15" src="/temp-images/testitems/91993/itemimages/1940071776_15_1.png" width="8"/> 2 
            <img alt="Look at text image." class1="" height="15" src="/temp-images/testitems/91993/itemimages/1940071776_15_2.png" width="8"/> 5?</p>
        <choiceInteraction class1="" maxChoices="1" responseIdentifier="RESPONSE" shuffle="false">
            <simpleChoice class1="" identifier="ChoiceA">
                <p class1="" id="11" label="Times New Roman">16 
                    <img alt="Look at text image." class1="" height="15" src="/temp-images/testitems/91993/itemimages/1940071776_15_3.png" width="8"/> 8</p>
            </simpleChoice>
            <simpleChoice class1="" identifier="ChoiceB">
                <p class1="" id="11" label="Times New Roman">40 
                    <img alt="Look at text image." class1="" height="15" src="/temp-images/testitems/91993/itemimages/1940071776_15_4.png" width="8"/> 2</p>
            </simpleChoice>
            <simpleChoice class1="" identifier="ChoiceC">
                <p class1="" id="11" label="Times New Roman">8 
                    <img alt="Look at text image." class1="" height="15" src="/temp-images/testitems/91993/itemimages/1940071776_15_5.png" width="8"/> 10</p>
            </simpleChoice>
            <simpleChoice class1="" identifier="ChoiceD">
                <p class1="" id="11" label="Times New Roman">16 
                    <img alt="Look at text image." class1="" height="15" src="/temp-images/testitems/91993/itemimages/1940071776_15_6.png" width="8"/> 5</p>
            </simpleChoice>
        </choiceInteraction>
    </itemBody>
</assessmentItem>
