<?xml version="1.0" encoding="UTF-8" standalone="yes"?>
<assessmentItem xmlns="http://www.imsglobal.org/xsd/imsqti_v2p0" adaptive="false" identifier="id" timeDependent="false" title="iupo">
    <responseDeclaration cardinality="single" identifier="RESPONSE">
        <correctResponse>
            <value>B</value>
        </correctResponse>
        <mapping defaultValue="0.0">
            <mapEntry mapKey="TBD" mappedValue="1.0"/>
        </mapping>
    </responseDeclaration>
    <itemBody class1="" id="mc">
        <p class1="" id="11" label="Times New Roman">Find the range of the following data.

            <table class1="" id="1">
                <tbody class1="">
                    <tr class1="">
                        <td class1="" headers="">Number of Pets</td>
                    </tr>
                    <tr class1="">
                        <td class1="" headers="">1</td>
                        <td class1="" headers="">5</td>
                        <td class1="" headers="">2</td>
                    </tr>
                    <tr class1="">
                        <td class1="" headers="">3</td>
                        <td class1="" headers="">7</td>
                        <td class1="" headers="">2</td>
                    </tr>
                    <tr class1="">
                        <td class1="" headers="">4</td>
                        <td class1="" headers="">13</td>
                        <td class1="" headers="">3</td>
                    </tr>
                </tbody>
            </table>
        </p>
        <choiceInteraction class1="" maxChoices="1" responseIdentifier="RESPONSE" shuffle="false">
            <simpleChoice class1="" identifier="ChoiceA">
                <p class1="" id="11" label="Times New Roman">13</p>
            </simpleChoice>
            <simpleChoice class1="" identifier="ChoiceB">
                <p class1="" id="11" label="Times New Roman">12</p>
            </simpleChoice>
            <simpleChoice class1="" identifier="ChoiceC">
                <p class1="" id="11" label="Times New Roman">9</p>
            </simpleChoice>
            <simpleChoice class1="" identifier="ChoiceD">
                <p class1="" id="11" label="Times New Roman">2</p>
            </simpleChoice>
        </choiceInteraction>
    </itemBody>
</assessmentItem>
