<?xml version="1.0" encoding="UTF-8" standalone="yes"?>
<assessmentItem xmlns="http://www.imsglobal.org/xsd/imsqti_v2p0" adaptive="false" identifier="id" timeDependent="false" title="iupo">
    <responseDeclaration cardinality="single" identifier="RESPONSE">
        <correctResponse>
            <value>C</value>
        </correctResponse>
        <mapping defaultValue="0.0">
            <mapEntry mapKey="TBD" mappedValue="1.0"/>
        </mapping>
    </responseDeclaration>
    <itemBody class1="" id="mc">
        <p class1="" id="11" label="Times New Roman">Find 
            <img alt="Look at text image." class1="" height="36" src="/temp-images/testitems/91993/itemimages/1940071776_34_1.png" width="50"/>.

            <table class1="" id="1">
                <tbody class1="">
                    <tr class1="">
                        <td class1="" headers="">1</td>
                    </tr>
                    <tr class1="">
                        <td class1="" headers="">
                            <img alt="Look at text image." class1="" height="36" src="/temp-images/testitems/91993/itemimages/1940071776_34_2.png" width="18"/>
                        </td>
                        <td class1="" headers="">
                            <img alt="Look at text image." class1="" height="36" src="/temp-images/testitems/91993/itemimages/1940071776_34_3.png" width="18"/>
                        </td>
                        <td class1="" headers="">
                            <img alt="Look at text image." class1="" height="36" src="/temp-images/testitems/91993/itemimages/1940071776_34_4.png" width="18"/>
                        </td>
                        <td class1="" headers="">
                            <img alt="Look at text image." class1="" height="36" src="/temp-images/testitems/91993/itemimages/1940071776_34_5.png" width="18"/>
                        </td>
                        <td class1="" headers="">
                            <img alt="Look at text image." class1="" height="36" src="/temp-images/testitems/91993/itemimages/1940071776_34_6.png" width="18"/>
                        </td>
                        <td class1="" headers="">
                            <img alt="Look at text image." class1="" height="36" src="/temp-images/testitems/91993/itemimages/1940071776_34_7.png" width="18"/>
                        </td>
                        <td class1="" headers="">
                            <img alt="Look at text image." class1="" height="36" src="/temp-images/testitems/91993/itemimages/1940071776_34_8.png" width="18"/>
                        </td>
                        <td class1="" headers="">
                            <img alt="Look at text image." class1="" height="36" src="/temp-images/testitems/91993/itemimages/1940071776_34_9.png" width="18"/>
                        </td>
                        <td class1="" headers="">
                            <img alt="Look at text image." class1="" height="36" src="/temp-images/testitems/91993/itemimages/1940071776_34_10.png" width="18"/>
                        </td>
                    </tr>
                </tbody>
            </table>
        </p>
        <choiceInteraction class1="" maxChoices="1" responseIdentifier="RESPONSE" shuffle="false">
            <simpleChoice class1="" identifier="ChoiceA">
                <p class1="" id="11" label="Times New Roman">
                    <img alt="Look at text image." class1="" height="36" src="/temp-images/testitems/91993/itemimages/1940071776_34_11.png" width="11"/>
                </p>
            </simpleChoice>
            <simpleChoice class1="" identifier="ChoiceB">
                <p class1="" id="11" label="Times New Roman">
                    <img alt="Look at text image." class1="" height="36" src="/temp-images/testitems/91993/itemimages/1940071776_34_12.png" width="11"/>
                </p>
            </simpleChoice>
            <simpleChoice class1="" identifier="ChoiceC">
                <p class1="" id="11" label="Times New Roman">
                    <img alt="Look at text image." class1="" height="36" src="/temp-images/testitems/91993/itemimages/1940071776_34_13.png" width="11"/>
                </p>
            </simpleChoice>
            <simpleChoice class1="" identifier="ChoiceD">
                <p class1="" id="11" label="Times New Roman">
                    <img alt="Look at text image." class1="" height="36" src="/temp-images/testitems/91993/itemimages/1940071776_34_14.png" width="11"/>
                </p>
            </simpleChoice>
        </choiceInteraction>
    </itemBody>
</assessmentItem>
