<?xml version="1.0" encoding="UTF-8" standalone="yes"?>
<assessmentItem xmlns="http://www.imsglobal.org/xsd/imsqti_v2p0" adaptive="false" identifier="id" timeDependent="false" title="iupo">
    <responseDeclaration cardinality="single" identifier="RESPONSE">
        <correctResponse>
            <value>B</value>
        </correctResponse>
        <mapping defaultValue="0.0">
            <mapEntry mapKey="TBD" mappedValue="1.0"/>
        </mapping>
    </responseDeclaration>
    <itemBody class1="" id="mc">
        <p class1="" id="11" label="Times New Roman">What fraction of this set is grey?

            <img alt="Look at text image." class1="" height="38" src="/temp-images/testitems/91993/itemimages/1940071776_30_1.png" width="24"/>
            <img alt="Look at text image." class1="" height="38" src="/temp-images/testitems/91993/itemimages/1940071776_30_2.png" width="24"/>
            <img alt="Look at text image." class1="" height="38" src="/temp-images/testitems/91993/itemimages/1940071776_30_3.png" width="24"/>
            <img alt="Look at text image." class1="" height="38" src="/temp-images/testitems/91993/itemimages/1940071776_30_4.png" width="24"/>
            <img alt="Look at text image." class1="" height="38" src="/temp-images/testitems/91993/itemimages/1940071776_30_5.png" width="24"/>
            <img alt="Look at text image." class1="" height="38" src="/temp-images/testitems/91993/itemimages/1940071776_30_6.png" width="24"/>
            <img alt="Look at text image." class1="" height="38" src="/temp-images/testitems/91993/itemimages/1940071776_30_7.png" width="24"/>
            <img alt="Look at text image." class1="" height="38" src="/temp-images/testitems/91993/itemimages/1940071776_30_8.png" width="24"/>
            <img alt="Look at text image." class1="" height="38" src="/temp-images/testitems/91993/itemimages/1940071776_30_9.png" width="24"/>
        </p>
        <choiceInteraction class1="" maxChoices="1" responseIdentifier="RESPONSE" shuffle="false">
            <simpleChoice class1="" identifier="ChoiceA">
                <p class1="" id="11" label="Times New Roman">
                    <img alt="Look at text image." class1="" height="36" src="/temp-images/testitems/91993/itemimages/1940071776_30_10.png" width="11"/>
                </p>
            </simpleChoice>
            <simpleChoice class1="" identifier="ChoiceB">
                <p class1="" id="11" label="Times New Roman">
                    <img alt="Look at text image." class1="" height="36" src="/temp-images/testitems/91993/itemimages/1940071776_30_11.png" width="11"/>
                </p>
            </simpleChoice>
            <simpleChoice class1="" identifier="ChoiceC">
                <p class1="" id="11" label="Times New Roman">
                    <img alt="Look at text image." class1="" height="36" src="/temp-images/testitems/91993/itemimages/1940071776_30_12.png" width="11"/>
                </p>
            </simpleChoice>
            <simpleChoice class1="" identifier="ChoiceD">
                <p class1="" id="11" label="Times New Roman">
                    <img alt="Look at text image." class1="" height="36" src="/temp-images/testitems/91993/itemimages/1940071776_30_13.png" width="11"/>
                </p>
            </simpleChoice>
        </choiceInteraction>
    </itemBody>
</assessmentItem>
