<?xml version="1.0" encoding="UTF-8" standalone="no"?>
<assessmentItem adaptive="false" identifier="item" timeDependent="false" title="" xmlns="http://www.imsglobal.org/xsd/imsqti_v2p0">
<responseDeclaration cardinality="single" identifier="RESPONSE">
<correctResponse>
<value>C</value>
</correctResponse>
</responseDeclaration>
<itemBody id="mc" label="PHL_10_G06_BMT_1_Reading.Skill.xml">
<div id="11" label="Times">Which of these details most clearly predicts that the film is about to start?</div>
<choiceInteraction maxChoices="1" responseIdentifier="RESPONSE" shuffle="false">
<simpleChoice identifier="ChoiceA">
<p id="11" label="Times">Sharon buys a ticket and gives it to the usher, who rips it in half.</p>
</simpleChoice>
<simpleChoice identifier="ChoiceB">
<p id="11" label="Times">Larry removes his coat and hat after finding his seat in the theater.</p>
</simpleChoice>
<simpleChoice identifier="ChoiceC">
<p id="11" label="Times">The movie theater darkens and the audience grows quiet.</p>
</simpleChoice>
<simpleChoice identifier="ChoiceD">
<p id="11" label="Times">Sarah returns from the food concession and takes her seat.</p>
</simpleChoice>
</choiceInteraction>
</itemBody>
</assessmentItem>
