<?xml version="1.0" encoding="UTF-8" standalone="no"?>
<assessmentItem adaptive="false" identifier="item" timeDependent="false" title="" xmlns="http://www.imsglobal.org/xsd/imsqti_v2p0">
<responseDeclaration cardinality="single" identifier="RESPONSE">
<correctResponse>
<value>A</value>
</correctResponse>
</responseDeclaration>
<itemBody id="mc" label="PHL_10_G06_BMT_1_LANA.xml">
<div id="11" label="Times">From the details in the selection, which of these predictions seems most likely to happen?</div>
<choiceInteraction maxChoices="1" responseIdentifier="RESPONSE" shuffle="false">
<simpleChoice identifier="ChoiceA">
<p id="11" label="Times">The dentist will inject anesthetic in Lana’s gums and then drill and fill her cavity.</p>
</simpleChoice>
<simpleChoice identifier="ChoiceB">
<p id="11" label="Times">The dentist will inject anesthetic in Lana’s gums and then pull her tooth out.</p>
</simpleChoice>
<simpleChoice identifier="ChoiceC">
<p id="11" label="Times">The dentist will tell Lana that everything looks fine and then clean her teeth.</p>
</simpleChoice>
<simpleChoice identifier="ChoiceD">
<p id="11" label="Times">The dentist will send Lana home with instructions to take better care of her teeth.</p>
</simpleChoice>
</choiceInteraction>
</itemBody>
</assessmentItem>
