<?xml version="1.0" encoding="UTF-8" standalone="no"?>
<assessmentItem adaptive="false" identifier="item" timeDependent="false" title="" xmlns="http://www.imsglobal.org/xsd/imsqti_v2p0">
<responseDeclaration cardinality="single" identifier="RESPONSE">
<correctResponse>
<value>D</value>
</correctResponse>
</responseDeclaration>
<itemBody id="mc" label="PHL_10_G06_BMT_1_STORY.xml">
<div id="11" label="Times">From what point of view is the story narrated?</div>
<choiceInteraction maxChoices="1" responseIdentifier="RESPONSE" shuffle="false">
<simpleChoice identifier="ChoiceA">
<p id="11" label="Times">first person</p>
</simpleChoice>
<simpleChoice identifier="ChoiceB">
<p id="11" label="Times">third person, limited to the thoughts and experiences of one character</p>
</simpleChoice>
<simpleChoice identifier="ChoiceC">
<p id="11" label="Times">second person</p>
</simpleChoice>
<simpleChoice identifier="ChoiceD">
<p id="11" label="Times">third person, providing the thoughts and experiences of all characters</p>
</simpleChoice>
</choiceInteraction>
</itemBody>
</assessmentItem>
