<?xml version="1.0" encoding="UTF-8" standalone="no"?>
<assessmentItem adaptive="false" identifier="item" timeDependent="false" title="" xmlns="http://www.imsglobal.org/xsd/imsqti_v2p0">
<responseDeclaration cardinality="single" identifier="RESPONSE">
<correctResponse>
<value>D</value>
</correctResponse>
</responseDeclaration>
<itemBody id="mc" label="PHL_10_G06_BMT_1_Structural.Features.xml">
<div id="11" label="Times">What do you call the address of a Web site?</div>
<choiceInteraction maxChoices="1" responseIdentifier="RESPONSE" shuffle="false">
<simpleChoice identifier="ChoiceA">
<p id="11" label="Times">a link</p>
</simpleChoice>
<simpleChoice identifier="ChoiceB">
<p id="11" label="Times">an icon</p>
</simpleChoice>
<simpleChoice identifier="ChoiceC">
<p id="11" label="Times">the home page</p>
</simpleChoice>
<simpleChoice identifier="ChoiceD">
<p id="11" label="Times">the URL</p>
</simpleChoice>
</choiceInteraction>
</itemBody>
</assessmentItem>
