<?xml version="1.0" encoding="UTF-8" standalone="no"?>
<assessmentItem adaptive="false" identifier="item" timeDependent="false" title="" xmlns="http://www.imsglobal.org/xsd/imsqti_v2p0">
<responseDeclaration cardinality="single" identifier="RESPONSE">
<correctResponse>
<value>B</value>
</correctResponse>
</responseDeclaration>
<itemBody id="mc">
<div id="11" label="Times">
<span>Read this brief selection from an autobiography. Which pronouns indicate the selection has a first-person point of view?<br/>
</span>
<span>
<span label="Arial">In the 1950s I left Puerto Rico with my father and mother, and we came to live with my uncle in New York City. My uncle had an apartment in the Bronx, but he traveled to his job in Manhattan every day on the subway.</span>
</span>
</div>
<choiceInteraction maxChoices="1" responseIdentifier="RESPONSE" shuffle="false">
<simpleChoice identifier="ChoiceA">
<p id="11" label="Times">
<span>
<i>I, my,</i> and <i>he</i>
</span>
</p>
</simpleChoice>
<simpleChoice identifier="ChoiceB">
<p id="11" label="Times">
<span>
<i>I, my,</i> and <i>we</i>
</span>
</p>
</simpleChoice>
<simpleChoice identifier="ChoiceC">
<p id="11" label="Times">
<span>
<i>I, we,</i> and <i>his</i>
</span>
</p>
</simpleChoice>
<simpleChoice identifier="ChoiceD">
<p id="11" label="Times">
<span>
<i>we, he,</i> and <i>his</i>
</span>
</p>
</simpleChoice>
</choiceInteraction>
</itemBody>
</assessmentItem>
