<?xml version="1.0" encoding="UTF-8" standalone="no"?>
<assessmentItem adaptive="false" identifier="item" timeDependent="false" title="" xmlns="http://www.imsglobal.org/xsd/imsqti_v2p0">
<responseDeclaration cardinality="single" identifier="RESPONSE">
<correctResponse>
<value>D</value>
</correctResponse>
</responseDeclaration>
<itemBody id="mc" label="PHL_10_G06_BMT_1_Reading.Skill.xml">
<div id="11" label="Times">What are the main things to consider when you predict what will happen in a story?</div>
<choiceInteraction maxChoices="1" responseIdentifier="RESPONSE" shuffle="false">
<simpleChoice identifier="ChoiceA">
<p id="11" label="Times">the plot and the title of the work</p>
</simpleChoice>
<simpleChoice identifier="ChoiceB">
<p id="11" label="Times">the names and personalities of the story characters</p>
</simpleChoice>
<simpleChoice identifier="ChoiceC">
<p id="11" label="Times">the author and the setting of the work</p>
</simpleChoice>
<simpleChoice identifier="ChoiceD">
<p id="11" label="Times">your prior knowledge and the details in the story</p>
</simpleChoice>
</choiceInteraction>
</itemBody>
</assessmentItem>
