<?xml version="1.0" encoding="UTF-8" standalone="no"?>
<assessmentItem adaptive="false" identifier="item" timeDependent="false" title="" xmlns="http://www.imsglobal.org/xsd/imsqti_v2p0">
<responseDeclaration cardinality="single" identifier="RESPONSE">
<correctResponse>
<value>C</value>
</correctResponse>
</responseDeclaration>
<itemBody id="mc" label="PHL_10_G06_BMT_1_NOUNS.xml">
<div id="11" label="Times">How many proper nouns are there in this sentence?<br/>
<span label="Arial">
<br/>Last Labor Day, Marcos and his cousin visited the Grand Canyon.</span>
<br/>
</div>
<choiceInteraction maxChoices="1" responseIdentifier="RESPONSE" shuffle="false">
<simpleChoice identifier="ChoiceA">
<p id="11" label="Times">one</p>
</simpleChoice>
<simpleChoice identifier="ChoiceB">
<p id="11" label="Times">two</p>
</simpleChoice>
<simpleChoice identifier="ChoiceC">
<p id="11" label="Times">three</p>
</simpleChoice>
<simpleChoice identifier="ChoiceD">
<p id="11" label="Times">four</p>
</simpleChoice>
</choiceInteraction>
</itemBody>
</assessmentItem>
