<?xml version="1.0" encoding="UTF-8" standalone="no"?>
<assessmentItem adaptive="false" identifier="item" timeDependent="false" title="" xmlns="http://www.imsglobal.org/xsd/imsqti_v2p0">
<responseDeclaration cardinality="single" identifier="RESPONSE">
<correctResponse>
<value>D</value>
</correctResponse>
</responseDeclaration>
<itemBody id="mc" label="PHL_10_G06_BMT_1_Prefixes.and.Suffixes.xml">
<div id="11" label="Times">Using your knowledge of the prefix <i>be-</i>, what is the most likely meaning of <i>befriend</i> in the following sentence?<br/>
<span label="Arial">
<br/>We will befriend the new student.</span>
<br/>
</div>
<choiceInteraction maxChoices="1" responseIdentifier="RESPONSE" shuffle="false">
<simpleChoice identifier="ChoiceA">
<p id="11" label="Times">introduce to a friend</p>
</simpleChoice>
<simpleChoice identifier="ChoiceB">
<p id="11" label="Times">give friendly advice to</p>
</simpleChoice>
<simpleChoice identifier="ChoiceC">
<p id="11" label="Times">find friends for</p>
</simpleChoice>
<simpleChoice identifier="ChoiceD">
<p id="11" label="Times">treat as a friend</p>
</simpleChoice>
</choiceInteraction>
</itemBody>
</assessmentItem>
