<?xml version="1.0" encoding="UTF-8" standalone="no"?>
<assessmentItem adaptive="false" identifier="item" timeDependent="false" title="" xmlns="http://www.imsglobal.org/xsd/imsqti_v2p0">
<responseDeclaration cardinality="single" identifier="RESPONSE">
<correctResponse>
<value>Students should provide accurate details from the book or story. They should use short, clear sentences that sum up the basic events, characters, and setting. Good reports may open with a catchy element, such as a quotation or a particularly interesting detail.</value>
</correctResponse>
</responseDeclaration>
<itemBody id="es" label="PHL_10_G06_BMT_1_Writing.xml">
<div id="11" label="Times">Think of the plot of a book or story that you really liked. Then, on your paper or a separate sheet, write an imaginary news report about the events of the book or story.</div>
</itemBody>
</assessmentItem>
