<?xml version="1.0" encoding="UTF-8" standalone="no"?>
<assessmentItem adaptive="false" identifier="item" timeDependent="false" title="" xmlns="http://www.imsglobal.org/xsd/imsqti_v2p0">
<responseDeclaration cardinality="single" identifier="RESPONSE">
<correctResponse>
<value>B</value>
</correctResponse>
</responseDeclaration>
<itemBody id="mc">
<div id="11" label="Times">
<span>What is the difference between fiction and nonfiction?</span>
</div>
<choiceInteraction maxChoices="1" responseIdentifier="RESPONSE" shuffle="false">
<simpleChoice identifier="ChoiceA">
<p id="11" label="Times">
<span>In fiction, everything must be made up; in nonfiction, some things must be true.</span>
</p>
</simpleChoice>
<simpleChoice identifier="ChoiceB">
<p id="11" label="Times">
<span>In fiction, at least one thing must be made up; in nonfiction, everything must be true.</span>
</p>
</simpleChoice>
<simpleChoice identifier="ChoiceC">
<p id="11" label="Times">
<span>In fiction, everything must be true; in nonfiction, some things can be made up.</span>
</p>
</simpleChoice>
<simpleChoice identifier="ChoiceD">
<p id="11" label="Times">
<span>In fiction, at least one thing is true; in nonfiction, everything must be made up.</span>
</p>
</simpleChoice>
</choiceInteraction>
</itemBody>
</assessmentItem>
