<?xml version="1.0" encoding="UTF-8" standalone="no"?>
<assessmentItem adaptive="false" identifier="item" timeDependent="false" title="" xmlns="http://www.imsglobal.org/xsd/imsqti_v2p0">
<responseDeclaration cardinality="single" identifier="RESPONSE">
<correctResponse>
<value>A</value>
</correctResponse>
</responseDeclaration>
<itemBody id="mc" label="PHL_10_G06_BMT_1_NOUNS.xml">
<div id="11" label="Times">Which statement is true about common and proper nouns?</div>
<choiceInteraction maxChoices="1" responseIdentifier="RESPONSE" shuffle="false">
<simpleChoice identifier="ChoiceA">
<p id="11" label="Times">A proper noun is more specific than a common noun.</p>
</simpleChoice>
<simpleChoice identifier="ChoiceB">
<p id="11" label="Times">A proper noun is more polite than a common noun.</p>
</simpleChoice>
<simpleChoice identifier="ChoiceC">
<p id="11" label="Times">A common noun usually begins with a capital letter.</p>
</simpleChoice>
<simpleChoice identifier="ChoiceD">
<p id="11" label="Times">A proper noun usually does not begin with a capital letter.</p>
</simpleChoice>
</choiceInteraction>
</itemBody>
</assessmentItem>
