<?xml version="1.0" encoding="UTF-8" standalone="no"?>
<assessmentItem adaptive="false" identifier="item" timeDependent="false" title="" xmlns="http://www.imsglobal.org/xsd/imsqti_v2p0">
<responseDeclaration cardinality="single" identifier="RESPONSE">
<correctResponse>
<value>D</value>
</correctResponse>
</responseDeclaration>
<itemBody id="mc" label="PHL_10_G06_BMT_1_PLOT.xml">
<div id="11" label="Times">In what part of the story does the reader learn the final outcome?</div>
<choiceInteraction maxChoices="1" responseIdentifier="RESPONSE" shuffle="false">
<simpleChoice identifier="ChoiceA">
<p id="11" label="Times">exposition</p>
</simpleChoice>
<simpleChoice identifier="ChoiceB">
<p id="11" label="Times">rising action</p>
</simpleChoice>
<simpleChoice identifier="ChoiceC">
<p id="11" label="Times">falling action</p>
</simpleChoice>
<simpleChoice identifier="ChoiceD">
<p id="11" label="Times">resolution</p>
</simpleChoice>
</choiceInteraction>
</itemBody>
</assessmentItem>
