<?xml version="1.0" encoding="UTF-8" standalone="no"?>
<assessmentItem adaptive="false" identifier="item" timeDependent="false" title="" xmlns="http://www.imsglobal.org/xsd/imsqti_v2p0">
<responseDeclaration cardinality="single" identifier="RESPONSE">
<correctResponse>
<value>C</value>
</correctResponse>
</responseDeclaration>
<itemBody id="mc" label="PHL_10_G06_BMT_1_STORY.xml">
<div id="11" label="Times">Where does the climax of the story take place?</div>
<choiceInteraction maxChoices="1" responseIdentifier="RESPONSE" shuffle="false">
<simpleChoice identifier="ChoiceA">
<p id="11" label="Times">sentences 3–4</p>
</simpleChoice>
<simpleChoice identifier="ChoiceB">
<p id="11" label="Times">sentences 8–9</p>
</simpleChoice>
<simpleChoice identifier="ChoiceC">
<p id="11" label="Times">sentences 11–14</p>
</simpleChoice>
<simpleChoice identifier="ChoiceD">
<p id="11" label="Times">sentences 14–15</p>
</simpleChoice>
</choiceInteraction>
</itemBody>
</assessmentItem>
