<?xml version="1.0" encoding="UTF-8" standalone="no"?>
<assessmentItem adaptive="false" identifier="item" timeDependent="false" title="" xmlns="http://www.imsglobal.org/xsd/imsqti_v2p0">
<responseDeclaration cardinality="single" identifier="RESPONSE">
<correctResponse>
<value>B</value>
</correctResponse>
</responseDeclaration>
<itemBody id="mc" label="PHL_10_G06_BMT_1_NOUNS.xml">
<div id="11" label="Times">How do you form the plural of most nouns?</div>
<choiceInteraction maxChoices="1" responseIdentifier="RESPONSE" shuffle="false">
<simpleChoice identifier="ChoiceA">
<p id="11" label="Times">add <i>-ies</i> or <i>-ed</i>
</p>
</simpleChoice>
<simpleChoice identifier="ChoiceB">
<p id="11" label="Times">add <i>-s </i>or <i>-es</i>
</p>
</simpleChoice>
<simpleChoice identifier="ChoiceC">
<p id="11" label="Times">change the last <i>a</i> or <i>o</i> to an <i>e</i> or <i>i</i>
</p>
</simpleChoice>
<simpleChoice identifier="ChoiceD">
<p id="11" label="Times">add <i>-s </i>or <i>-x</i>
</p>
</simpleChoice>
</choiceInteraction>
</itemBody>
</assessmentItem>
