<?xml version="1.0" encoding="UTF-8" standalone="no"?>
<assessmentItem adaptive="false" identifier="item" timeDependent="false" title="" xmlns="http://www.imsglobal.org/xsd/imsqti_v2p0">
<responseDeclaration cardinality="single" identifier="RESPONSE">
<correctResponse>
<value>A</value>
</correctResponse>
</responseDeclaration>
<itemBody id="mc" label="PHL_10_G06_BMT_1_NOUNS.xml">
<div id="11" label="Times">Which sentence below uses correct capitalization?</div>
<choiceInteraction maxChoices="1" responseIdentifier="RESPONSE" shuffle="false">
<simpleChoice identifier="ChoiceA">
<p id="11" label="Times">Did Sue see the Golden Gate Bridge or any museums when she visited San Francisco?</p>
</simpleChoice>
<simpleChoice identifier="ChoiceB">
<p id="11" label="Times">Did Sue see the golden gate Bridge or any museums when she visited San francisco?</p>
</simpleChoice>
<simpleChoice identifier="ChoiceC">
<p id="11" label="Times">Did Sue see the Golden Gate Bridge or any Museums when she visited San Francisco?</p>
</simpleChoice>
<simpleChoice identifier="ChoiceD">
<p id="11" label="Times">Did sue see the golden gate bridge or any museums when she visited san Francisco?</p>
</simpleChoice>
</choiceInteraction>
</itemBody>
</assessmentItem>
