<?xml version="1.0" encoding="UTF-8" standalone="no"?>
<assessmentItem adaptive="false" identifier="item" timeDependent="false" title="" xmlns="http://www.imsglobal.org/xsd/imsqti_v2p0">
<responseDeclaration cardinality="single" identifier="RESPONSE">
<correctResponse>
<value>D</value>
</correctResponse>
</responseDeclaration>
<itemBody id="mc">
<div id="11" label="Times">Which of these is an example of nonfiction?</div>
<choiceInteraction maxChoices="1" responseIdentifier="RESPONSE" shuffle="false">
<simpleChoice identifier="ChoiceA">
<p id="11" label="Times">a short story</p>
</simpleChoice>
<simpleChoice identifier="ChoiceB">
<p id="11" label="Times">a novel</p>
</simpleChoice>
<simpleChoice identifier="ChoiceC">
<p id="11" label="Times">a folk tale</p>
</simpleChoice>
<simpleChoice identifier="ChoiceD">
<p id="11" label="Times">a biography</p>
</simpleChoice>
</choiceInteraction>
</itemBody>
</assessmentItem>
