<?xml version="1.0" encoding="UTF-8" standalone="no"?>
<assessmentItem adaptive="false" identifier="item" timeDependent="false" title="" xmlns="http://www.imsglobal.org/xsd/imsqti_v2p0">
<responseDeclaration cardinality="single" identifier="RESPONSE">
<correctResponse>
<value>B</value>
</correctResponse>
</responseDeclaration>
<itemBody id="mc" label="PHL_10_G06_BMT_1_Structural.Features.xml">
<div id="11" label="Times">You find that a museum’s Web page is all graphics. Which graphics would you click to learn the hours that the museum is open?</div>
<choiceInteraction maxChoices="1" responseIdentifier="RESPONSE" shuffle="false">
<simpleChoice identifier="ChoiceA">
<p id="11" label="Times">a picture of a work of art</p>
</simpleChoice>
<simpleChoice identifier="ChoiceB">
<p id="11" label="Times">a picture of a clock</p>
</simpleChoice>
<simpleChoice identifier="ChoiceC">
<p id="11" label="Times">a picture of a public bus</p>
</simpleChoice>
<simpleChoice identifier="ChoiceD">
<p id="11" label="Times">a picture of a dollar sign</p>
</simpleChoice>
</choiceInteraction>
</itemBody>
</assessmentItem>
