<?xml version="1.0" encoding="UTF-8" standalone="no"?>
<assessmentItem adaptive="false" identifier="item" timeDependent="false" title="" xmlns="http://www.imsglobal.org/xsd/imsqti_v2p0">
<responseDeclaration cardinality="single" identifier="RESPONSE">
<correctResponse>
<value>Students should make clear their main impression of the place, whether positive or negative. They should support that impression with specific details about the place and language that helps convey the impression. Students should use vivid language and comparisons and details that appeal to one or more of the five senses.</value>
</correctResponse>
</responseDeclaration>
<itemBody id="es" label="PHL_10_G06_BMT_1_Writing.xml">
<div id="11" label="Times">Think of the place that you consider very beautiful or ugly. Then, describe it in a brief descriptive essay. Write your essay on your paper or on a separate sheet.</div>
</itemBody>
</assessmentItem>
