<?xml version="1.0" encoding="UTF-8" standalone="no"?>
<assessmentItem adaptive="false" identifier="item" timeDependent="false" title="" xmlns="http://www.imsglobal.org/xsd/imsqti_v2p0">
<responseDeclaration cardinality="single" identifier="RESPONSE">
<correctResponse>
<value>C</value>
</correctResponse>
</responseDeclaration>
<itemBody id="mc" label="PHL_10_G06_BMT_1_Structural.Features.xml">
<div id="11" label="Times">Which of the following would be the suffix of the domain name for the official U.S. Department of State Web site?</div>
<choiceInteraction maxChoices="1" responseIdentifier="RESPONSE" shuffle="false">
<simpleChoice identifier="ChoiceA">
<p id="11" label="Times">.org</p>
</simpleChoice>
<simpleChoice identifier="ChoiceB">
<p id="11" label="Times">.edu</p>
</simpleChoice>
<simpleChoice identifier="ChoiceC">
<p id="11" label="Times">.gov</p>
</simpleChoice>
<simpleChoice identifier="ChoiceD">
<p id="11" label="Times">.com</p>
</simpleChoice>
</choiceInteraction>
</itemBody>
</assessmentItem>
