<?xml version="1.0" encoding="UTF-8" standalone="no"?>
<assessmentItem adaptive="false" identifier="item" timeDependent="false" title="" xmlns="http://www.imsglobal.org/xsd/imsqti_v2p0">
<responseDeclaration cardinality="single" identifier="RESPONSE">
<correctResponse>
<value>B</value>
</correctResponse>
</responseDeclaration>
<itemBody id="mc" label="PHL_10_G06_BMT_1_Prefixes.and.Suffixes.xml">
<div id="11" label="Times">Using your knowledge of the suffix <i>-ation</i>, what is the most likely meaning of <i>accusation</i> in the following sentence?<br/>
<span label="Arial">
<br/>Luis denied her accusation. </span>
<br/>
</div>
<choiceInteraction maxChoices="1" responseIdentifier="RESPONSE" shuffle="false">
<simpleChoice identifier="ChoiceA">
<p id="11" label="Times">a type of communication</p>
</simpleChoice>
<simpleChoice identifier="ChoiceB">
<p id="11" label="Times">a charge of wrongdoing</p>
</simpleChoice>
<simpleChoice identifier="ChoiceC">
<p id="11" label="Times">a display of affection</p>
</simpleChoice>
<simpleChoice identifier="ChoiceD">
<p id="11" label="Times">an urgent request</p>
</simpleChoice>
</choiceInteraction>
</itemBody>
</assessmentItem>
