<?xml version="1.0" encoding="UTF-8" standalone="no"?>
<assessmentItem adaptive="false" identifier="item" timeDependent="false" title="" xmlns="http://www.imsglobal.org/xsd/imsqti_v2p0">
<responseDeclaration cardinality="single" identifier="RESPONSE">
<correctResponse>
<value>Students should focus on a single event or experience. They should make clear the basic facts—where it happened, when it happened, and so on. In addition to the facts, they should include details about why the event or experience was so important to them.</value>
</correctResponse>
</responseDeclaration>
<itemBody id="es" label="PHL_10_G06_BMT_1_Writing.xml">
<div id="11" label="Times">Think of an event or experience that was very important to your life. Then, on this paper or a separate sheet, jot down your ideas for a brief autobiographical narrative about the event or experience. Use this paper or a separate sheet.</div>
</itemBody>
</assessmentItem>
