<?xml version="1.0" encoding="UTF-8" standalone="no"?>
<assessmentItem adaptive="false" identifier="item" timeDependent="false" title="" xmlns="http://www.imsglobal.org/xsd/imsqti_v2p0">
<responseDeclaration cardinality="single" identifier="RESPONSE">
<correctResponse>
<value>A</value>
</correctResponse>
</responseDeclaration>
<itemBody id="mc" label="PHL_10_G06_BMT_1_STORY.xml">
<div id="11" label="Times">Around what conflict do the events of the story center?</div>
<choiceInteraction maxChoices="1" responseIdentifier="RESPONSE" shuffle="false">
<simpleChoice identifier="ChoiceA">
<p id="11" label="Times">Calder’s struggle with the Alaskan wilderness</p>
</simpleChoice>
<simpleChoice identifier="ChoiceB">
<p id="11" label="Times">the sled dog’s problems with Calder</p>
</simpleChoice>
<simpleChoice identifier="ChoiceC">
<p id="11" label="Times">Calder’s argument with the old timer about leaving</p>
</simpleChoice>
<simpleChoice identifier="ChoiceD">
<p id="11" label="Times">Calder’s drive to be rich and famous</p>
</simpleChoice>
</choiceInteraction>
</itemBody>
</assessmentItem>
