<?xml version="1.0" encoding="UTF-8" standalone="no"?>
<assessmentItem adaptive="false" identifier="item" timeDependent="false" title="" xmlns="http://www.imsglobal.org/xsd/imsqti_v2p0">
<responseDeclaration cardinality="single" identifier="RESPONSE">
<correctResponse>
<value>A</value>
</correctResponse>
</responseDeclaration>
<itemBody id="mc" label="PHL_10_G06_BMT_1_Prefixes.and.Suffixes.xml">
<div id="11" label="Times">Using your knowledge of the suffix <i>-able</i>, what is the most likely meaning of <i>memorable</i> in the following sentence?<br/>
<br/>
<span label="Arial">The concert was a memorable occasion. </span>
<br/>
</div>
<choiceInteraction maxChoices="1" responseIdentifier="RESPONSE" shuffle="false">
<simpleChoice identifier="ChoiceA">
<p id="11" label="Times">worth remembering</p>
</simpleChoice>
<simpleChoice identifier="ChoiceB">
<p id="11" label="Times">not worth remembering</p>
</simpleChoice>
<simpleChoice identifier="ChoiceC">
<p id="11" label="Times">making memories weaker</p>
</simpleChoice>
<simpleChoice identifier="ChoiceD">
<p id="11" label="Times">making memories clearer</p>
</simpleChoice>
</choiceInteraction>
</itemBody>
</assessmentItem>
