<?xml version="1.0" encoding="UTF-8" standalone="no"?>
<assessmentItem adaptive="false" identifier="item" timeDependent="false" title="" xmlns="http://www.imsglobal.org/xsd/imsqti_v2p0">
<responseDeclaration cardinality="single" identifier="RESPONSE">
<correctResponse>
<value>D</value>
</correctResponse>
</responseDeclaration>
<itemBody id="mc" label="PHL_10_G06_BMT_1_NOUNS.xml">
<div id="11" label="Times">Which of these sentences uses plural nouns correctly?</div>
<choiceInteraction maxChoices="1" responseIdentifier="RESPONSE" shuffle="false">
<simpleChoice identifier="ChoiceA">
<p id="11" label="Times">The womens put the chocolate mouses in boxes and wrapped them for their familyes.</p>
</simpleChoice>
<simpleChoice identifier="ChoiceB">
<p id="11" label="Times">The womans put the chocolate mices in boxes and wrapped them for their families.</p>
</simpleChoice>
<simpleChoice identifier="ChoiceC">
<p id="11" label="Times">The women put the chocolate mice in boxies and wrapped them for their familys.</p>
</simpleChoice>
<simpleChoice identifier="ChoiceD">
<p id="11" label="Times">The women put the chocolate mice in boxes and wrapped them for their families.</p>
</simpleChoice>
</choiceInteraction>
</itemBody>
</assessmentItem>
