<?xml version="1.0" encoding="UTF-8" standalone="no"?>
<assessmentItem adaptive="false" identifier="item" timeDependent="false" title="" xmlns="http://www.imsglobal.org/xsd/imsqti_v2p0">
<responseDeclaration cardinality="single" identifier="RESPONSE">
<correctResponse>
<value>A</value>
</correctResponse>
</responseDeclaration>
<itemBody id="mc" label="PHL_10_G06_BMT_1_NOUNS.xml">
<div id="11" label="Times">Which of these sentences uses possessive nouns correctly?</div>
<choiceInteraction maxChoices="1" responseIdentifier="RESPONSE" shuffle="false">
<simpleChoice identifier="ChoiceA">
<p id="11" label="Times">The two sisters’ gift to the charity’s drive was a pile of hand-sewn children’s clothing.</p>
</simpleChoice>
<simpleChoice identifier="ChoiceB">
<p id="11" label="Times">The two sister’s gift to the charitys’ drive was a pile of hand-sewn childrens’ clothing.</p>
</simpleChoice>
<simpleChoice identifier="ChoiceC">
<p id="11" label="Times">The two sister’s gift to the charity’s drive was a pile of hand-sewn children’s clothing.</p>
</simpleChoice>
<simpleChoice identifier="ChoiceD">
<p id="11" label="Times">The two sister’s gift to the charityes’ drive was a pile of hand-sewn childrens’ clothing.</p>
</simpleChoice>
</choiceInteraction>
</itemBody>
</assessmentItem>
