<?xml version="1.0" encoding="UTF-8" standalone="no"?>
<assessmentItem adaptive="false" identifier="item" timeDependent="false" title="" xmlns="http://www.imsglobal.org/xsd/imsqti_v2p0">
<responseDeclaration cardinality="single" identifier="RESPONSE">
<correctResponse>
<value>A</value>
</correctResponse>
</responseDeclaration>
<itemBody id="mc" label="PHL_10_G06_BMT_1_Reading.Skill.xml">
<div id="11" label="Times">What is the best way to make predictions as you read a story?</div>
<choiceInteraction maxChoices="1" responseIdentifier="RESPONSE" shuffle="false">
<simpleChoice identifier="ChoiceA">
<p id="11" label="Times">Make a prediction as you read, and then read further to see if it comes true.</p>
</simpleChoice>
<simpleChoice identifier="ChoiceB">
<p id="11" label="Times">Make a prediction as you read, and then peek at the ending to see if you are right.</p>
</simpleChoice>
<simpleChoice identifier="ChoiceC">
<p id="11" label="Times">Make just one or two predictions because making too many will spoil the story.</p>
</simpleChoice>
<simpleChoice identifier="ChoiceD">
<p id="11" label="Times">Make a prediction when you read the title and stick with that prediction until the end.</p>
</simpleChoice>
</choiceInteraction>
</itemBody>
</assessmentItem>
