<?xml version="1.0" encoding="UTF-8" standalone="no"?>
<assessmentItem adaptive="false" identifier="item" timeDependent="false" title="" xmlns="http://www.imsglobal.org/xsd/imsqti_v2p0">
<responseDeclaration cardinality="single" identifier="RESPONSE">
<correctResponse>
<value>B</value>
</correctResponse>
</responseDeclaration>
<itemBody id="mc" label="PHL_10_G06_BMT_1_PLOT.xml">
<div id="11" label="Times">What is the point of view of a story?</div>
<choiceInteraction maxChoices="1" responseIdentifier="RESPONSE" shuffle="false">
<simpleChoice identifier="ChoiceA">
<p id="11" label="Times">the author’s attitude toward his or her subject or audience</p>
</simpleChoice>
<simpleChoice identifier="ChoiceB">
<p id="11" label="Times">the perspective from which the narrator tells the story</p>
</simpleChoice>
<simpleChoice identifier="ChoiceC">
<p id="11" label="Times">the customs of the period in which the story takes place</p>
</simpleChoice>
<simpleChoice identifier="ChoiceD">
<p id="11" label="Times">the main idea, insight, or message of the story</p>
</simpleChoice>
</choiceInteraction>
</itemBody>
</assessmentItem>
