<?xml version="1.0" encoding="UTF-8" standalone="no"?>
<assessmentItem adaptive="false" identifier="item" timeDependent="false" title="" xmlns="http://www.imsglobal.org/xsd/imsqti_v2p0">
<responseDeclaration cardinality="single" identifier="RESPONSE">
<correctResponse>
<value>B</value>
</correctResponse>
</responseDeclaration>
<itemBody id="mc" label="PHL_10_G06_BMT_1_LANA.xml">
<div id="11" label="Times">What prior knowledge is most helpful in making a prediction about what happens next?</div>
<choiceInteraction maxChoices="1" responseIdentifier="RESPONSE" shuffle="false">
<simpleChoice identifier="ChoiceA">
<p id="11" label="Times">knowing the properties of dental anesthetics and laughing gas</p>
</simpleChoice>
<simpleChoice identifier="ChoiceB">
<p id="11" label="Times">knowing typical procedures at a dentist’s office</p>
</simpleChoice>
<simpleChoice identifier="ChoiceC">
<p id="11" label="Times">knowing the fears some people have about going to the dentist</p>
</simpleChoice>
<simpleChoice identifier="ChoiceD">
<p id="11" label="Times">knowing the products people use in caring for their teeth</p>
</simpleChoice>
</choiceInteraction>
</itemBody>
</assessmentItem>
