<?xml version="1.0" encoding="UTF-8" standalone="no"?>
<assessmentItem adaptive="false" identifier="item" timeDependent="false" title="" xmlns="http://www.imsglobal.org/xsd/imsqti_v2p0">
<responseDeclaration cardinality="single" identifier="RESPONSE">
<correctResponse>
<value>B</value>
</correctResponse>
</responseDeclaration>
<itemBody id="mc" label="PHL_10_G06_BMT_1_Prefixes.and.Suffixes.xml">
<div id="11" label="Times">To which of the following words could you successfully add the suffix <i>-ation</i>?</div>
<choiceInteraction maxChoices="1" responseIdentifier="RESPONSE" shuffle="false">
<simpleChoice identifier="ChoiceA">
<p id="11" label="Times">efficient</p>
</simpleChoice>
<simpleChoice identifier="ChoiceB">
<p id="11" label="Times">color</p>
</simpleChoice>
<simpleChoice identifier="ChoiceC">
<p id="11" label="Times">jealous</p>
</simpleChoice>
<simpleChoice identifier="ChoiceD">
<p id="11" label="Times">glamour</p>
</simpleChoice>
</choiceInteraction>
</itemBody>
</assessmentItem>
